,Year,Country,Latitude,Longitude,Focal Depth (km),Mag,Average Income,p0p50_share,pop_total,badness_value
0,2000,CHINA,40.498,122.994,10.0,5.1,4836.4401,0.1737,20899032.0,0.5217391304347826
1,2000,CHINA,25.607,101.063,33.0,5.9,4836.4401,0.1737,38290493.0,0.5652173913043478
2,2000,CHINA,26.856,97.238,33.0,6.3,4836.4401,0.1737,47881124.0,0.13043478260869565
3,2000,CHINA,25.826,102.194,33.0,4.2,4836.4401,0.1737,1307028.0,0.34782608695652173
4,2000,IRAN,35.288,58.218,33.0,5.3,13549.8134,0.1232,5372795.0,0.3913043478260869
5,2000,JAPAN,22.338,143.73,127.0,7.6,27663.8877,0.1692,166194397.0,0.0
6,2000,JAPAN,34.221,139.131,10.0,6.1,27663.8877,0.1692,79458490.0,0.21739130434782608
7,2000,JAPAN,34.319,139.26,10.0,6.1,27663.8877,0.1692,74675010.0,0.13043478260869565
8,2000,JAPAN,33.901,139.376,10.0,6.5,27663.8877,0.1692,97175866.0,0.08695652173913043
9,2000,JAPAN,35.456,133.134,10.0,6.7,27663.8877,0.1692,162903251.0,0.6086956521739131
10,2000,GREECE,34.22,25.69,38.0,5.5,28869.5008,0.1655,652547.0,0.0
11,2000,INDONESIA,-1.105,123.573,26.0,7.6,5279.0083,0.1801,261980743.0,0.5652173913043478
12,2000,INDONESIA,-4.721,102.087,33.0,7.9,5279.0083,0.1801,399862300.0,0.43478260869565216
13,2000,INDONESIA,-4.612,101.905,33.0,6.7,5279.0083,0.1801,89214994.0,0.2608695652173913
14,2000,INDONESIA,-6.675,106.845,33.0,5.4,5279.0083,0.1801,57017716.0,0.2608695652173913
15,2000,TURKEY,38.164,38.777,5.0,4.1,17787.5825,0.1232,853489.0,0.2608695652173913
16,2000,TURKEY,40.693,32.992,10.0,6.0,17787.5825,0.1232,17306824.0,0.43478260869565216
17,2000,TURKEY,38.457,31.351,10.0,6.0,17787.5825,0.1232,34427705.0,0.21739130434782608
18,2000,TAIWAN,24.223,121.058,10.0,5.4,29867.0978,0.1306,28126378.0,0.13043478260869565
19,2000,TAIWAN,23.843,121.225,33.0,6.4,29867.0978,0.1306,102563774.0,0.13043478260869565
20,2000,ICELAND,63.966,-20.487,10.0,6.5,41900.1627,0.2197,273584.0,0.2608695652173913
21,2000,ICELAND,63.98,-20.758,10.0,6.5,41900.1627,0.2197,272476.0,0.17391304347826086
22,2000,AUSTRALIA,-13.802,97.453,10.0,7.9,36942.8974,0.1796,229116775.0,0.0
23,2000,NICARAGUA,11.884,-85.988,33.0,5.4,6037.2429,0.085,7111150.0,0.5217391304347826
24,2000,PHILIPPINES,20.253,122.043,33.0,6.4,6366.5475,0.1174,55673927.0,0.2608695652173913
25,2000,TANZANIA,-7.977,30.709,34.0,6.5,2057.8272,0.1465,44237469.0,0.2608695652173913
26,2000,PAPUA NEW GUINEA,-4.001,152.327,17.0,8.0,4513.9787,0.1149,10448336.0,0.2608695652173913
27,2000,PAPUA NEW GUINEA,-5.233,153.102,30.0,7.8,4513.9787,0.1149,9011557.0,0.043478260869565216
28,2000,PAPUA NEW GUINEA,-5.496,151.781,33.0,7.8,4513.9787,0.1149,9301253.0,0.0
29,2000,AZERBAIJAN,40.245,49.946,50.0,6.8,4401.8681,0.1539,87875753.0,0.21739130434782608
30,2000,TURKMENISTAN,39.566,54.799,30.0,7.0,6523.8779,0.13,77761801.0,0.17391304347826086
31,2001,PHILIPPINES,6.898,126.579,33.0,7.5,6352.8837,0.117,188145600.0,0.0
32,2001,INDIA,23.388,70.326,17.0,7.6,3449.1315,0.1814,1176867291.0,0.6956521739130435
33,2001,EL SALVADOR,13.671,-88.938,10.0,6.6,9270.9013,0.071,41176950.0,0.8260869565217391
34,2001,EL SALVADOR,13.605,-88.795,10.0,5.7,9270.9013,0.071,21366197.0,0.30434782608695654
35,2001,CHINA,29.513,101.129,33.0,5.6,5089.5601,0.1681,8063647.0,0.4782608695652174
36,2001,CHINA,27.689,101.003,33.0,5.5,5089.5601,0.1681,11692133.0,0.34782608695652173
37,2001,CHINA,24.455,102.66,33.0,4.3,5089.5601,0.1681,6090120.0,0.21739130434782608
38,2001,CHINA,26.316,100.648,10.0,5.6,5089.5601,0.1681,23281571.0,0.43478260869565216
39,2001,CHINA,35.946,90.541,10.0,7.8,5089.5601,0.1681,1632933110.0,0.13043478260869565
40,2001,JAPAN,34.083,132.526,50.0,6.8,27626.2481,0.1646,170670154.0,0.5217391304347826
41,2001,AFGHANISTAN,35.169,69.389,62.0,5.0,1640.3868,0.1717,6076757.0,0.17391304347826086
42,2001,PERU,-16.265,-73.641,33.0,8.4,8352.449,0.0579,476563413.0,0.7826086956521738
43,2001,PERU,-16.086,-73.987,62.0,6.6,8352.449,0.0579,19025038.0,0.21739130434782608
44,2001,PERU,-17.543,-72.077,33.0,7.6,8352.449,0.0579,93009974.0,0.30434782608695654
45,2001,PERU,-14.258,-72.683,33.0,5.8,8352.449,0.0579,4847459.0,0.30434782608695654
46,2001,TURKEY,37.238,36.206,5.0,5.5,15806.8603,0.1235,18271314.0,0.2608695652173913
47,2001,GREECE,39.059,24.244,10.0,6.5,29758.1988,0.1687,66843925.0,0.13043478260869565
48,2001,CANADA,52.63,-132.2,20.0,6.1,37690.2068,0.1737,72339.0,0.0
49,2001,INDONESIA,-4.102,123.907,33.0,7.5,5532.0786,0.1752,159779820.0,0.0
50,2001,TAIWAN,23.954,122.734,14.0,6.8,28678.9101,0.1176,197464883.0,0.0
51,2001,BANGLADESH,23.632,90.376,10.0,4.5,3290.3125,0.1582,39843695.0,0.21739130434782608
52,2002,TAJIKISTAN,38.673,69.902,33.0,5.3,2136.5237,0.1617,8507451.0,0.30434782608695654
53,2002,TAJIKISTAN,38.773,69.924,44.0,4.9,2136.5237,0.1617,1954361.0,0.21739130434782608
54,2002,PAPUA NEW GUINEA,-3.212,142.427,11.0,6.7,4110.1768,0.1178,5985744.0,0.2608695652173913
55,2002,PAPUA NEW GUINEA,-3.26,142.94,13.0,7.6,4110.1768,0.1178,13108903.0,0.43478260869565216
56,2002,CHILE,-19.384,-69.231,33.0,5.6,17616.8122,0.0792,1346569.0,0.08695652173913043
57,2002,CHILE,-29.67,-71.384,71.0,6.4,17616.8122,0.0792,12068886.0,0.043478260869565216
58,2002,CHILE,-27.535,-70.586,62.0,6.6,17616.8122,0.0792,16739705.0,0.30434782608695654
59,2002,RWANDA,-1.684,29.077,15.0,4.7,1804.1358,0.0968,9185974.0,0.4782608695652174
60,2002,MEXICO,18.194,-95.908,109.0,5.9,19994.2725,0.0624,20670231.0,0.13043478260869565
61,2002,MEXICO,32.319,-115.322,7.0,5.5,19994.2725,0.0624,8471611.0,0.043478260869565216
62,2002,MEXICO,16.87,-100.113,6.0,5.3,19994.2725,0.0624,3268234.0,0.17391304347826086
63,2002,TURKEY,38.573,31.271,5.0,6.5,16879.6717,0.1237,77214330.0,0.3913043478260869
64,2002,IRAN,28.093,51.755,33.0,5.4,14097.9575,0.1231,6159810.0,0.30434782608695654
65,2002,IRAN,34.642,47.4,33.0,5.4,14097.9575,0.1231,8803229.0,0.4782608695652174
66,2002,IRAN,35.626,49.047,10.0,6.5,14097.9575,0.1231,90529083.0,0.8260869565217391
67,2002,IRAN,35.701,48.838,10.0,5.2,14097.9575,0.1231,6328122.0,0.08695652173913043
68,2002,IRAN,31.995,49.329,10.0,5.6,14097.9575,0.1231,15238496.0,0.2608695652173913
69,2002,IRAN,34.594,47.454,33.0,5.2,14097.9575,0.1231,6741178.0,0.34782608695652173
70,2002,AFGHANISTAN,36.502,70.482,226.0,7.4,2096.7658,0.1717,687291378.0,0.6086956521739131
71,2002,AFGHANISTAN,36.062,69.315,8.0,6.1,2096.7658,0.1717,49881263.0,0.6086956521739131
72,2002,AFGHANISTAN,35.704,69.868,91.0,5.5,2096.7658,0.1717,21261258.0,0.08695652173913043
73,2002,PHILIPPINES,6.033,124.249,31.0,7.5,6385.3541,0.1197,225509961.0,0.34782608695652173
74,2002,JAPAN,23.346,124.09,33.0,6.4,27519.4552,0.16,49529992.0,0.0
75,2002,TAIWAN,24.279,122.179,33.0,7.1,29794.191,0.117,529931007.0,0.34782608695652173
76,2002,GEORGIA,41.765,44.96,10.0,4.3,5497.2547,0.146,1994435.0,0.43478260869565216
77,2002,TANZANIA,-2.907,33.733,10.0,5.5,2219.6534,0.1427,13170940.0,0.3913043478260869
78,2002,ARGENTINA,-28.937,-66.797,22.0,6.0,11906.4079,0.0773,5299483.0,0.30434782608695654
79,2002,BANGLADESH,25.842,88.932,40.0,4.5,3338.3019,0.156,22448790.0,0.21739130434782608
80,2002,GERMANY,50.889,6.103,17.0,4.8,36208.1549,0.1882,14501026.0,0.043478260869565216
81,2002,PANAMA,7.929,-82.793,10.0,6.5,17894.3859,0.0815,13733927.0,0.34782608695652173
82,2002,CHINA,30.916,99.927,33.0,5.3,5590.9217,0.1557,742901.0,0.08695652173913043
83,2002,CHINA,39.736,97.443,22.0,5.5,5590.9217,0.1557,1069341.0,0.34782608695652173
84,2002,CHINA,39.57,75.254,10.0,5.7,5590.9217,0.1557,5848873.0,0.13043478260869565
85,2002,INDONESIA,-1.196,121.333,10.0,6.2,5394.0288,0.1735,14487590.0,0.2608695652173913
86,2002,INDONESIA,-1.68,134.234,10.0,6.4,5394.0288,0.1735,1959401.0,0.08695652173913043
87,2002,INDONESIA,-1.757,134.297,10.0,7.6,5394.0288,0.1735,104897874.0,0.5652173913043478
88,2002,INDONESIA,2.824,96.085,30.0,7.3,5394.0288,0.1735,211668123.0,0.3913043478260869
89,2002,EGYPT,30.2,31.41,10.0,4.4,12533.0427,0.1475,28800523.0,0.08695652173913043
90,2002,KYRGYZSTAN,39.77,72.007,32.0,5.5,3956.4462,0.1806,10915329.0,0.043478260869565216
91,2002,ITALY,38.381,13.701,5.0,6.0,35933.155,0.1887,17176186.0,0.34782608695652173
92,2002,ITALY,37.67,15.267,10.0,4.3,35933.155,0.1887,2206796.0,0.17391304347826086
93,2002,ITALY,41.789,14.872,10.0,5.7,35933.155,0.1887,19460360.0,0.5217391304347826
94,2002,INDIA,13.036,93.068,21.0,6.5,3532.709,0.1773,25937450.0,0.21739130434782608
95,2002,UNITED KINGDOM,52.52,-2.15,9.0,4.8,34036.7474,0.1936,14600851.0,0.08695652173913043
96,2002,FRANCE,47.832,-3.207,10.0,4.2,38050.2053,0.2112,666835.0,0.08695652173913043
97,2002,CONGO,-1.884,29.004,11.0,6.2,4425.3258,0.1039,51608787.0,0.17391304347826086
98,2002,PAKISTAN,35.517,74.654,33.0,5.4,5420.3986,0.1632,15837596.0,0.3913043478260869
99,2002,PAKISTAN,35.414,74.515,33.0,6.3,5420.3986,0.1632,124775441.0,0.4782608695652174
100,2002,GREECE,37.747,21.087,10.0,5.7,30881.3338,0.1747,3969246.0,0.2608695652173913
101,2003,IRAN,29.59,51.474,33.0,5.2,14760.5775,0.123,4594594.0,0.5217391304347826
102,2003,IRAN,35.476,60.784,41.0,5.2,14760.5775,0.123,4776865.0,0.13043478260869565
103,2003,IRAN,28.355,54.169,10.0,5.8,14760.5775,0.123,7296780.0,0.3913043478260869
104,2003,IRAN,31.953,49.209,33.0,5.0,14760.5775,0.123,3606215.0,0.13043478260869565
105,2003,IRAN,28.995,58.311,10.0,6.6,14760.5775,0.123,24412163.0,0.6956521739130435
106,2003,SOLOMON ISLANDS,-10.491,160.77,33.0,7.3,2894.7985,0.0,2276462.0,0.0
107,2003,MEXICO,18.77,-104.104,24.0,7.5,19140.1055,0.0601,171275972.0,0.6521739130434783
108,2003,INDONESIA,-8.807,118.524,33.0,5.5,5505.3027,0.1719,3574829.0,0.2608695652173913
109,2003,INDONESIA,-6.983,108.468,33.0,4.6,5505.3027,0.1719,24676346.0,0.21739130434782608
110,2003,INDONESIA,-8.294,120.743,33.0,6.5,5505.3027,0.1719,23106150.0,0.21739130434782608
111,2003,INDONESIA,2.354,128.855,31.0,7.0,5505.3027,0.1719,40215106.0,0.21739130434782608
112,2003,INDONESIA,1.142,128.152,10.0,6.0,5505.3027,0.1719,1274278.0,0.21739130434782608
113,2003,INDONESIA,-8.137,120.524,33.0,4.9,5505.3027,0.1719,952069.0,0.08695652173913043
114,2003,ITALY,43.883,11.96,7.0,4.7,35531.2359,0.1792,4556760.0,0.08695652173913043
115,2003,ITALY,44.792,8.892,4.0,5.0,35531.2359,0.1792,11612019.0,0.2608695652173913
116,2003,ITALY,44.329,11.45,10.0,5.3,35531.2359,0.1792,16371857.0,0.17391304347826086
117,2003,TURKEY,39.5,39.878,10.0,6.1,17657.5292,0.1273,30518237.0,0.2608695652173913
118,2003,TURKEY,38.221,26.958,10.0,5.7,17657.5292,0.1273,12794005.0,0.34782608695652173
119,2003,TURKEY,39.007,40.464,10.0,6.4,17657.5292,0.1273,65395285.0,0.6956521739130435
120,2003,TURKEY,38.111,28.887,10.0,4.5,17657.5292,0.1273,1878605.0,0.17391304347826086
121,2003,TURKEY,38.019,28.927,10.0,5.4,17657.5292,0.1273,12603020.0,0.17391304347826086
122,2003,CHINA,43.897,85.923,24.0,5.3,6010.1115,0.1515,4732864.0,0.043478260869565216
123,2003,CHINA,39.61,77.23,11.0,6.3,6010.1115,0.1515,18544558.0,0.6521739130434783
124,2003,CHINA,39.483,77.393,10.0,5.4,6010.1115,0.1515,4244177.0,0.08695652173913043
125,2003,CHINA,37.529,96.476,14.0,6.4,6010.1115,0.1515,5829381.0,0.08695652173913043
126,2003,CHINA,39.43,77.219,10.0,5.8,6010.1115,0.1515,5793435.0,0.3913043478260869
127,2003,CHINA,25.975,101.29,10.0,5.9,6010.1115,0.1515,40642745.0,0.5217391304347826
128,2003,CHINA,43.77,119.643,24.0,5.4,6010.1115,0.1515,6388918.0,0.4782608695652174
129,2003,CHINA,29.573,95.605,33.0,5.5,6010.1115,0.1515,2910753.0,0.043478260869565216
130,2003,CHINA,25.954,101.254,33.0,5.6,6010.1115,0.1515,27604835.0,0.3913043478260869
131,2003,CHINA,38.4,100.951,10.0,5.8,6010.1115,0.1515,9784454.0,0.43478260869565216
132,2003,CHINA,34.712,103.834,10.0,5.1,6010.1115,0.1515,8694750.0,0.17391304347826086
133,2003,CHINA,27.372,103.971,33.0,5.6,6010.1115,0.1515,56280797.0,0.30434782608695654
134,2003,CHINA,27.283,103.753,33.0,4.7,6010.1115,0.1515,6837144.0,0.3913043478260869
135,2003,CHINA,42.905,80.515,10.0,6.0,6010.1115,0.1515,6379077.0,0.34782608695652173
136,2003,PHILIPPINES,12.171,123.921,10.0,5.8,6540.1453,0.1227,26788683.0,0.043478260869565216
137,2003,PHILIPPINES,12.168,124.079,10.0,6.3,6540.1453,0.1227,69158521.0,0.13043478260869565
138,2003,PHILIPPINES,12.025,125.416,35.0,6.5,6540.1453,0.1227,79632526.0,0.34782608695652173
139,2003,FRANCE,48.342,6.57,10.0,5.0,38120.3028,0.2115,6731356.0,0.043478260869565216
140,2003,GERMANY,48.21,9.0,6.0,4.7,36139.4924,0.1908,9841031.0,0.043478260869565216
141,2003,BHUTAN,27.264,89.331,47.0,5.5,6817.737,0.1225,52144253.0,0.08695652173913043
142,2003,ALGERIA,36.964,3.634,12.0,6.8,12146.4112,0.1717,83421961.0,1.0
143,2003,ALGERIA,36.939,3.578,8.0,5.7,12146.4112,0.1717,16583381.0,0.3913043478260869
144,2003,JAPAN,38.849,141.568,68.0,7.0,27886.8582,0.157,108561624.0,0.43478260869565216
145,2003,JAPAN,38.432,141.003,10.0,5.5,27886.8582,0.157,15288844.0,0.4782608695652174
146,2003,JAPAN,34.998,140.172,52.0,5.7,27886.8582,0.157,50262462.0,0.17391304347826086
147,2003,JAPAN,41.815,143.91,27.0,8.3,27886.8582,0.157,1282352130.0,0.34782608695652173
148,2003,JAPAN,35.457,139.871,78.0,5.2,27886.8582,0.157,44597926.0,0.043478260869565216
149,2003,JAPAN,37.812,142.619,10.0,7.0,27886.8582,0.157,102556897.0,0.0
150,2003,GREECE,39.893,22.309,18.0,5.2,31835.5634,0.1881,4463542.0,0.08695652173913043
151,2003,GREECE,39.16,20.605,10.0,6.3,31835.5634,0.1881,31511573.0,0.21739130434782608
152,2003,CHILE,-30.608,-71.637,33.0,6.8,17820.147,0.0809,20646538.0,0.17391304347826086
153,2003,BANGLADESH,22.854,92.306,10.0,5.7,3408.7214,0.153,96555921.0,0.30434782608695654
154,2003,PANAMA,9.355,-79.941,54.0,5.4,17427.715,0.085,2463579.0,0.043478260869565216
155,2003,NEW ZEALAND,-45.104,167.144,28.0,7.2,35556.9693,0.1888,3942229.0,0.08695652173913043
156,2003,NEW ZEALAND,-43.34,173.04,32.0,4.8,35556.9693,0.1888,434441.0,0.043478260869565216
157,2003,DOMINICAN REPUBLIC,19.777,-70.673,10.0,6.4,12087.4942,0.0831,22060967.0,0.34782608695652173
158,2003,DOMINICAN REPUBLIC,19.761,-70.693,10.0,4.5,12087.4942,0.0831,2512986.0,0.08695652173913043
159,2003,TAIWAN,23.039,121.362,10.0,6.8,30562.8884,0.112,205822526.0,0.08695652173913043
160,2003,BULGARIA,43.083,27.486,34.0,4.4,11252.5037,0.1934,1261817.0,0.2608695652173913
161,2004,INDONESIA,-8.31,115.788,45.0,5.8,5672.4028,0.1649,16943991.0,0.3913043478260869
162,2004,INDONESIA,-3.12,127.4,17.0,6.7,5672.4028,0.1649,12156989.0,0.0
163,2004,INDONESIA,-3.615,135.538,17.0,7.0,5672.4028,0.1649,5872300.0,0.43478260869565216
164,2004,INDONESIA,-4.003,135.023,10.0,7.3,5672.4028,0.1649,33734094.0,0.043478260869565216
165,2004,INDONESIA,-0.466,100.655,56.0,5.1,5672.4028,0.1649,6620880.0,0.17391304347826086
166,2004,INDONESIA,-1.559,100.488,42.0,6.0,5672.4028,0.1649,15834507.0,0.21739130434782608
167,2004,INDONESIA,-1.549,100.54,66.0,5.4,5672.4028,0.1649,6873699.0,0.08695652173913043
168,2004,INDONESIA,-8.669,114.65,96.0,5.5,5672.4028,0.1649,27307373.0,0.08695652173913043
169,2004,INDONESIA,-9.362,122.839,66.0,6.7,5672.4028,0.1649,20145321.0,0.043478260869565216
170,2004,INDONESIA,-8.152,124.868,10.0,7.5,5672.4028,0.1649,126998525.0,0.6086956521739131
171,2004,INDONESIA,-3.609,135.404,10.0,7.1,5672.4028,0.1649,8199266.0,0.4782608695652174
172,2004,INDONESIA,3.295,95.982,30.0,9.1,5672.4028,0.1649,4137370227.0,0.8260869565217391
173,2004,MEXICO,17.488,-101.303,29.0,6.1,19404.1235,0.0578,51894770.0,0.043478260869565216
174,2004,SLOVAKIA,48.758,19.217,5.0,2.2,15275.1613,0.2233,114797.0,0.043478260869565216
175,2004,ALGERIA,36.852,3.418,10.0,4.4,12189.9693,0.174,6038680.0,0.17391304347826086
176,2004,ALGERIA,36.848,3.448,10.0,4.5,12189.9693,0.174,6438742.0,0.08695652173913043
177,2004,ALGERIA,36.865,3.421,10.0,4.5,12189.9693,0.174,6407840.0,0.043478260869565216
178,2004,IRAN,27.695,52.397,12.0,5.2,14858.7635,0.1229,1536481.0,0.043478260869565216
179,2004,IRAN,29.881,51.474,67.0,5.0,14858.7635,0.1229,3406169.0,0.13043478260869565
180,2004,IRAN,36.29,51.61,17.0,6.3,14858.7635,0.1229,49686828.0,0.6521739130434783
181,2004,IRAN,37.125,54.477,35.0,5.6,14858.7635,0.1229,5350220.0,0.08695652173913043
182,2004,IRAN,32.023,48.836,37.0,4.8,14858.7635,0.1229,3105606.0,0.043478260869565216
183,2004,IRAN,33.297,47.977,36.0,5.0,14858.7635,0.1229,3799006.0,0.17391304347826086
184,2004,JORDAN,31.675,35.551,27.0,5.3,16429.3274,0.1313,16924268.0,0.21739130434782608
185,2004,PAKISTAN,34.774,73.216,11.0,5.4,5941.3877,0.1555,38137665.0,0.5652173913043478
186,2004,PAKISTAN,30.126,67.121,10.0,4.5,5941.3877,0.1555,1991423.0,0.17391304347826086
187,2004,BURUNDI,-3.393,29.558,10.0,4.7,1306.3273,0.1499,10131162.0,0.13043478260869565
188,2004,MOROCCO,35.142,-3.997,0.0,6.4,6470.1565,0.1303,58697577.0,0.6086956521739131
189,2004,GREECE,37.136,22.116,9.0,5.2,33084.4874,0.1815,2464534.0,0.08695652173913043
190,2004,GREECE,35.945,23.115,74.0,5.2,33084.4874,0.1815,566425.0,0.043478260869565216
191,2004,CHINA,45.382,118.256,19.0,5.4,6606.7718,0.1515,1280039.0,0.43478260869565216
192,2004,CHINA,37.506,96.758,14.0,5.4,6606.7718,0.1515,316276.0,0.30434782608695654
193,2004,CHINA,27.266,103.873,6.0,5.4,6606.7718,0.1515,33884182.0,0.5217391304347826
194,2004,CHINA,34.682,103.781,10.0,5.2,6606.7718,0.1515,11188757.0,0.30434782608695654
195,2004,CHINA,25.073,99.169,30.0,4.4,6606.7718,0.1515,2815497.0,0.34782608695652173
196,2004,TURKEY,39.93,40.812,0.0,5.6,19027.7672,0.1326,9428928.0,0.17391304347826086
197,2004,TURKEY,39.847,40.874,5.0,5.6,19027.7672,0.1326,9198701.0,0.13043478260869565
198,2004,TURKEY,39.766,43.979,5.0,5.1,19027.7672,0.1326,5423365.0,0.08695652173913043
199,2004,TURKEY,39.634,43.966,5.0,4.0,19027.7672,0.1326,363663.0,0.21739130434782608
200,2004,TURKEY,36.833,27.815,10.0,5.6,19027.7672,0.1326,9148245.0,0.043478260869565216
201,2004,TURKEY,38.377,39.261,7.0,5.7,19027.7672,0.1326,18456116.0,0.13043478260869565
202,2004,TURKEY,37.042,28.206,5.0,5.4,19027.7672,0.1326,8465667.0,0.08695652173913043
203,2004,AFGHANISTAN,36.512,71.029,187.0,6.5,2374.5369,0.1717,170053075.0,0.08695652173913043
204,2004,AFGHANISTAN,34.89,61.852,0.0,4.6,2374.5369,0.1717,1142196.0,0.21739130434782608
205,2004,AFGHANISTAN,33.426,69.524,10.0,5.2,2374.5369,0.1717,12263183.0,0.34782608695652173
206,2004,TAIWAN,24.081,121.611,45.0,5.2,32116.2519,0.1123,22127907.0,0.13043478260869565
207,2004,TAIWAN,24.53,122.694,94.0,6.6,32116.2519,0.1123,138325510.0,0.13043478260869565
208,2004,CHILE,-37.695,-73.406,21.0,6.6,18188.5315,0.0777,16772206.0,0.043478260869565216
209,2004,CHILE,-38.854,-73.155,38.0,5.9,18188.5315,0.0777,4048167.0,0.043478260869565216
210,2004,PHILIPPINES,9.926,124.038,35.0,4.1,6622.992,0.121,3427585.0,0.043478260869565216
211,2004,SAUDI ARABIA,27.836,36.905,10.0,4.6,64064.2342,0.0981,334368.0,0.043478260869565216
212,2004,SLOVENIA,46.296,13.641,8.0,5.2,24676.0404,0.1403,6353652.0,0.21739130434782608
213,2004,NEW ZEALAND,-38.0,176.51,5.0,5.4,35862.515,0.1895,2131836.0,0.21739130434782608
214,2004,NEW ZEALAND,-46.676,164.721,10.0,7.1,35862.515,0.1895,1248267.0,0.043478260869565216
215,2004,JAPAN,33.07,136.618,14.0,7.2,28468.9155,0.1531,213709133.0,0.08695652173913043
216,2004,JAPAN,33.184,137.071,10.0,7.4,28468.9155,0.1531,278608880.0,0.08695652173913043
217,2004,JAPAN,37.226,138.779,16.0,6.6,28468.9155,0.1531,110168201.0,0.5652173913043478
218,2004,JAPAN,37.284,138.885,14.0,5.9,28468.9155,0.1531,73865584.0,0.13043478260869565
219,2004,JAPAN,37.396,138.862,10.0,5.5,28468.9155,0.1531,56535592.0,0.08695652173913043
220,2004,JAPAN,43.006,145.119,39.0,7.0,28468.9155,0.1531,78391869.0,0.13043478260869565
221,2004,JAPAN,42.9,145.228,35.0,6.8,28468.9155,0.1531,57413190.0,0.043478260869565216
222,2004,JAPAN,44.119,141.793,10.0,5.8,28468.9155,0.1531,5634199.0,0.08695652173913043
223,2004,ARGENTINA,-28.573,-65.84,22.0,6.1,15267.0028,0.1156,6065465.0,0.2608695652173913
224,2004,POLAND,54.841,19.912,10.0,4.8,15989.3665,0.208,1245746.0,0.08695652173913043
225,2004,NICARAGUA,11.989,-86.52,87.0,5.6,6208.643,0.0879,10203610.0,0.043478260869565216
226,2004,ROMANIA,45.787,26.622,96.0,5.8,13286.799,0.1712,23000031.0,0.043478260869565216
227,2004,CANADA,49.277,-128.772,10.0,6.6,39621.2169,0.1701,7663211.0,0.0
228,2004,COLOMBIA,4.695,-77.508,15.0,7.2,11318.5112,0.0705,99499227.0,0.30434782608695654
229,2004,COSTA RICA,9.602,-84.172,16.0,6.4,15440.5735,0.094,20461883.0,0.3913043478260869
230,2004,ITALY,45.626,10.559,17.0,5.1,35840.7069,0.1698,12454015.0,0.2608695652173913
231,2004,GERMANY,48.115,8.077,10.0,4.8,37131.3261,0.1496,9953721.0,0.043478260869565216
232,2004,INDIA,24.757,92.539,35.0,5.4,3772.1853,0.169,59852255.0,0.13043478260869565
233,2004,AUSTRALIA,-49.312,161.345,10.0,8.1,39753.333,0.1807,22314663.0,0.0
234,2005,IRAN,37.103,54.574,32.0,5.4,14880.3624,0.1228,4401504.0,0.13043478260869565
235,2005,IRAN,30.754,56.816,14.0,6.4,14880.3624,0.1228,23106730.0,0.6521739130434783
236,2005,IRAN,27.095,61.887,54.0,6.0,14880.3624,0.1228,3521833.0,0.043478260869565216
237,2005,IRAN,28.85,52.56,10.0,5.1,14880.3624,0.1228,3886771.0,0.043478260869565216
238,2005,IRAN,26.774,55.858,10.0,6.0,14880.3624,0.1228,9908039.0,0.21739130434782608
239,2005,JAPAN,34.064,141.491,28.0,6.6,28786.5601,0.1532,91298627.0,0.0
240,2005,JAPAN,33.807,130.131,10.0,6.6,28786.5601,0.1532,113368141.0,0.34782608695652173
241,2005,JAPAN,35.498,139.982,61.0,5.9,28786.5601,0.1532,59798831.0,0.13043478260869565
242,2005,JAPAN,38.276,142.039,36.0,7.2,28786.5601,0.1532,128172945.0,0.17391304347826086
243,2005,JAPAN,38.107,144.896,11.0,7.0,28786.5601,0.1532,79323196.0,0.0
244,2005,NEW ZEALAND,-41.223,175.21,39.0,5.3,35796.0388,0.2003,853528.0,0.043478260869565216
245,2005,INDONESIA,-1.198,119.933,11.0,6.3,6068.6845,0.1604,18534620.0,0.17391304347826086
246,2005,INDONESIA,-7.037,107.819,15.0,4.8,6068.6845,0.1604,41745133.0,0.30434782608695654
247,2005,INDONESIA,2.085,97.108,30.0,8.6,6068.6845,0.1604,3637846570.0,0.6086956521739131
248,2005,INDONESIA,-1.644,99.607,19.0,6.7,6068.6845,0.1604,69123104.0,0.0
249,2005,INDONESIA,1.819,97.082,21.0,6.7,6068.6845,0.1604,62449944.0,0.043478260869565216
250,2005,INDONESIA,-1.174,119.963,32.0,5.9,6068.6845,0.1604,8000008.0,0.08695652173913043
251,2005,INDONESIA,-9.948,124.48,10.0,5.3,6068.6845,0.1604,2760489.0,0.08695652173913043
252,2005,ECUADOR,-1.364,-80.785,17.0,6.1,11461.9756,0.1022,15359158.0,0.17391304347826086
253,2005,ECUADOR,-0.507,-77.745,35.0,4.8,11461.9756,0.1022,3745685.0,0.043478260869565216
254,2005,CHINA,22.526,100.709,12.0,4.8,7040.1673,0.1442,2550155.0,0.08695652173913043
255,2005,CHINA,41.728,79.44,22.0,6.1,7040.1673,0.1442,11767970.0,0.30434782608695654
256,2005,CHINA,46.827,125.058,48.0,4.7,7040.1673,0.1442,3982341.0,0.08695652173913043
257,2005,CHINA,26.569,103.036,42.0,4.8,7040.1673,0.1442,6104014.0,0.30434782608695654
258,2005,CHINA,23.627,104.103,10.0,4.5,7040.1673,0.1442,3412446.0,0.17391304347826086
259,2005,CHINA,23.604,107.798,10.0,4.2,7040.1673,0.1442,2352642.0,0.17391304347826086
260,2005,CHINA,29.695,115.689,10.0,5.2,7040.1673,0.1442,41164651.0,0.5217391304347826
261,2005,TURKEY,37.622,43.703,41.0,5.9,20405.5455,0.1417,24241514.0,0.13043478260869565
262,2005,TURKEY,39.44,40.978,11.0,5.6,20405.5455,0.1417,10713011.0,0.13043478260869565
263,2005,TURKEY,39.354,40.89,5.0,5.8,20405.5455,0.1417,15444362.0,0.2608695652173913
264,2005,TURKEY,39.437,33.089,5.0,5.3,20405.5455,0.1417,8572396.0,0.043478260869565216
265,2005,TURKEY,38.152,26.751,10.0,5.9,20405.5455,0.1417,27404005.0,0.21739130434782608
266,2005,TURKEY,38.26,38.814,9.0,4.4,20405.5455,0.1417,1678533.0,0.043478260869565216
267,2005,TURKEY,38.804,26.783,14.0,4.3,20405.5455,0.1417,3904390.0,0.043478260869565216
268,2005,SPAIN,37.91,-1.82,5.0,4.4,31140.8871,0.215,1021490.0,0.08695652173913043
269,2005,INDIA,24.55,92.524,35.0,5.1,3963.6076,0.1648,21407848.0,0.043478260869565216
270,2005,INDIA,17.145,73.73,10.0,4.9,3963.6076,0.1648,12786581.0,0.13043478260869565
271,2005,INDIA,17.072,73.668,10.0,4.3,3963.6076,0.1648,4998300.0,0.043478260869565216
272,2005,INDIA,7.92,92.19,16.0,7.2,3963.6076,0.1648,159080050.0,0.08695652173913043
273,2005,INDIA,17.398,74.118,35.0,4.4,3963.6076,0.1648,8093776.0,0.08695652173913043
274,2005,INDIA,30.924,78.56,43.0,4.4,3963.6076,0.1648,2294718.0,0.08695652173913043
275,2005,INDIA,17.067,73.773,10.0,4.7,3963.6076,0.1648,10681515.0,0.043478260869565216
276,2005,INDIA,30.476,79.255,44.0,5.3,3963.6076,0.1648,29020426.0,0.21739130434782608
277,2005,PAKISTAN,30.378,68.038,52.0,4.9,6158.4099,0.1519,2044669.0,0.08695652173913043
278,2005,PAKISTAN,34.451,73.649,15.0,7.6,6158.4099,0.1519,1248901387.0,0.6521739130434783
279,2005,SOUTH AFRICA,-26.913,26.789,5.0,4.3,15249.4,0.0952,843528.0,0.21739130434782608
280,2005,SOUTH AFRICA,-26.913,26.789,5.0,4.3,15249.4,0.1016,843528.0,0.21739130434782608
281,2005,SOUTH AFRICA,-26.913,26.789,5.0,4.3,15882.472,0.0952,843528.0,0.21739130434782608
282,2005,SOUTH AFRICA,-26.913,26.789,5.0,4.3,15882.472,0.1016,843528.0,0.21739130434782608
283,2005,CHILE,-19.987,-69.197,116.0,7.7,18872.3651,0.0747,130828919.0,0.30434782608695654
284,2005,CHILE,-19.78,-68.98,11.0,5.8,18872.3651,0.0747,2205024.0,0.043478260869565216
285,2005,ALBANIA,42.389,19.812,4.0,5.2,8939.6016,0.1881,6586295.0,0.08695652173913043
286,2005,PAPUA NEW GUINEA,-4.539,153.474,90.0,7.7,4004.3979,0.1221,9791320.0,0.0
287,2005,ETHIOPIA,12.471,40.634,12.0,5.6,1698.5973,0.1735,11994757.0,0.08695652173913043
288,2005,PERU,-5.678,-76.398,115.0,7.5,8917.6327,0.0676,104586618.0,0.34782608695652173
289,2005,PERU,-16.635,-70.794,20.0,5.3,8917.6327,0.0676,2485402.0,0.21739130434782608
290,2005,PERU,-5.852,-78.704,40.0,5.4,8917.6327,0.0676,4970377.0,0.043478260869565216
291,2005,CONGO,-6.224,29.83,22.0,6.8,4578.0876,0.1039,118955829.0,0.21739130434782608
292,2005,AFGHANISTAN,36.357,71.093,225.0,6.5,2486.401,0.1717,178680506.0,0.21739130434782608
293,2006,JAPAN,31.394,140.131,10.0,5.6,29351.8519,0.1534,8133.0,0.0
294,2006,JAPAN,33.129,131.141,140.0,6.3,29351.8519,0.1534,90792543.0,0.043478260869565216
295,2006,JAPAN,29.351,140.27,11.0,6.4,29351.8519,0.1534,6578086.0,0.0
296,2006,GREECE,36.311,23.212,66.0,6.7,33850.4291,0.1808,64034291.0,0.13043478260869565
297,2006,GREECE,37.64,20.92,18.0,5.5,33850.4291,0.1808,2737320.0,0.043478260869565216
298,2006,INDONESIA,-5.473,128.131,397.0,7.6,6364.8773,0.1655,129334885.0,0.0
299,2006,INDONESIA,-3.595,127.214,30.0,6.7,6364.8773,0.1655,14273049.0,0.2608695652173913
300,2006,INDONESIA,3.462,97.224,30.0,5.0,6364.8773,0.1655,2446212.0,0.043478260869565216
301,2006,INDONESIA,-5.575,105.395,17.0,5.5,6364.8773,0.1655,48404878.0,0.13043478260869565
302,2006,INDONESIA,-7.961,110.446,13.0,6.3,6364.8773,0.1655,133926863.0,0.6956521739130435
303,2006,INDONESIA,-9.254,107.411,34.0,7.7,6364.8773,0.1655,277649514.0,0.6086956521739131
304,2006,INDONESIA,-3.728,119.233,31.0,5.2,6364.8773,0.1655,6724633.0,0.043478260869565216
305,2006,INDONESIA,2.52,128.283,39.0,6.2,6364.8773,0.1655,5938087.0,0.13043478260869565
306,2006,INDONESIA,-8.251,118.777,43.0,6.3,6364.8773,0.1655,21049140.0,0.17391304347826086
307,2006,INDONESIA,0.626,99.859,30.0,5.8,6364.8773,0.1655,24922809.0,0.34782608695652173
308,2006,INDIA,27.382,88.388,30.0,5.3,4212.9321,0.1607,38390279.0,0.13043478260869565
309,2006,INDIA,23.777,70.899,10.0,5.5,4212.9321,0.1607,39584267.0,0.13043478260869565
310,2006,INDIA,23.322,70.477,10.0,5.5,4212.9321,0.1607,34749466.0,0.043478260869565216
311,2006,INDIA,26.88,76.15,10.0,4.2,4212.9321,0.1607,7384407.0,0.043478260869565216
312,2006,MOZAMBIQUE,-21.324,33.583,11.0,7.0,1353.4297,0.1105,84575007.0,0.30434782608695654
313,2006,BHUTAN,26.912,91.705,10.0,5.8,7455.5387,0.1362,81655014.0,0.17391304347826086
314,2006,IRAN,28.12,56.865,18.0,6.0,14904.0132,0.1165,7894202.0,0.2608695652173913
315,2006,IRAN,27.574,55.685,18.0,5.9,14904.0132,0.1165,9035834.0,0.13043478260869565
316,2006,IRAN,33.5,48.78,7.0,6.1,14904.0132,0.1165,48353722.0,0.5217391304347826
317,2006,IRAN,30.79,56.7,14.0,4.1,14904.0132,0.1165,375463.0,0.21739130434782608
318,2006,IRAN,26.759,55.843,5.0,5.1,14904.0132,0.1165,1584020.0,0.21739130434782608
319,2006,PAKISTAN,33.129,73.887,10.0,4.9,6257.0182,0.1569,29232435.0,0.08695652173913043
320,2006,PAKISTAN,34.6,73.136,10.0,4.8,6257.0182,0.1569,15123128.0,0.17391304347826086
321,2006,ALGERIA,36.623,5.328,10.0,4.9,12822.0358,0.1786,5800390.0,0.17391304347826086
322,2006,CHINA,44.624,124.122,10.0,4.9,7790.2069,0.1441,5515994.0,0.13043478260869565
323,2006,CHINA,31.607,90.413,33.0,5.7,7790.2069,0.1441,1282487.0,0.13043478260869565
324,2006,CHINA,33.068,104.95,24.0,4.5,7790.2069,0.1441,2010286.0,0.13043478260869565
325,2006,CHINA,27.995,104.138,56.0,4.9,7790.2069,0.1441,11724578.0,0.17391304347826086
326,2006,CHINA,28.012,104.151,22.0,4.6,7790.2069,0.1441,7852859.0,0.17391304347826086
327,2006,CHINA,31.56,113.21,10.0,4.5,7790.2069,0.1441,8073983.0,0.08695652173913043
328,2006,CHINA,43.469,119.558,10.0,4.7,7790.2069,0.1441,1192153.0,0.30434782608695654
329,2006,CHINA,44.229,83.524,20.0,4.7,7790.2069,0.1441,514897.0,0.13043478260869565
330,2006,TAIWAN,22.868,121.278,9.0,6.2,34863.5592,0.1024,53037413.0,0.17391304347826086
331,2006,TAIWAN,21.799,120.547,10.0,7.0,34863.5592,0.1024,327434318.0,0.21739130434782608
332,2006,PANAMA,8.898,-82.543,0.0,4.5,20040.7618,0.0904,741687.0,0.043478260869565216
333,2006,TURKEY,37.605,43.787,10.0,4.1,21273.2039,0.148,281006.0,0.043478260869565216
334,2006,MALAWI,-14.52,34.28,10.0,3.8,1886.0012,0.1252,912998.0,0.043478260869565216
335,2006,ALBANIA,40.27,19.96,10.0,4.5,9502.1958,0.1888,1184343.0,0.13043478260869565
336,2006,TAJIKISTAN,37.255,68.828,34.0,5.6,3547.3252,0.1646,14308624.0,0.21739130434782608
337,2006,TAJIKISTAN,38.246,69.22,10.0,4.7,3547.3252,0.1646,4143808.0,0.043478260869565216
338,2006,ARGENTINA,-33.131,-68.707,22.0,5.6,17542.9361,0.1248,9549206.0,0.043478260869565216
339,2006,FRANCE,45.84,-0.14,5.0,4.3,40113.0663,0.2139,833593.0,0.043478260869565216
340,2006,FRANCE,42.99,-0.05,10.0,4.7,40113.0663,0.2139,1085117.0,0.043478260869565216
341,2006,PERU,-13.457,-76.677,23.0,6.7,9201.9348,0.0711,22871760.0,0.043478260869565216
342,2006,HUNGARY,48.195,22.46,10.0,4.8,19274.4353,0.2115,3151655.0,0.043478260869565216
343,2006,HUNGARY,47.449,19.343,5.0,4.1,19274.4353,0.2115,3126796.0,0.08695652173913043
344,2006,SWITZERLAND,47.58,7.6,5.0,3.9,52566.7211,0.2203,1801945.0,0.043478260869565216
345,2006,THAILAND,18.901,98.916,10.0,4.6,11486.8659,0.1064,2630962.0,0.08695652173913043
346,2006,KYRGYZSTAN,42.156,76.163,12.0,5.8,4531.5342,0.1488,6722194.0,0.2608695652173913
347,2007,KYRGYZSTAN,39.803,70.311,18.0,6.0,4879.1156,0.1661,30891019.0,0.21739130434782608
348,2007,CHINA,37.021,103.911,20.0,4.5,8671.7074,0.1425,1463038.0,0.30434782608695654
349,2007,CHINA,33.259,104.74,23.0,4.7,8671.7074,0.1425,2572908.0,0.13043478260869565
350,2007,CHINA,23.028,101.052,5.0,6.1,8671.7074,0.1425,49960601.0,0.34782608695652173
351,2007,CHINA,42.913,82.378,10.0,5.6,8671.7074,0.1425,5142556.0,0.2608695652173913
352,2007,TURKEY,39.592,42.863,3.0,5.1,21819.2893,0.1503,3253727.0,0.08695652173913043
353,2007,TURKEY,38.318,39.267,10.0,5.7,21819.2893,0.1503,18634470.0,0.08695652173913043
354,2007,TURKEY,39.417,33.212,10.0,5.7,21819.2893,0.1503,16818222.0,0.08695652173913043
355,2007,TURKEY,39.446,33.162,8.0,5.6,21819.2893,0.1503,12924913.0,0.30434782608695654
356,2007,INDONESIA,1.065,126.282,22.0,7.5,6957.6027,0.1587,183356032.0,0.13043478260869565
357,2007,INDONESIA,-0.493,100.498,19.0,6.4,6957.6027,0.1587,62283642.0,0.6956521739130435
358,2007,INDONESIA,-1.065,127.343,24.0,6.1,6957.6027,0.1587,3762079.0,0.13043478260869565
359,2007,INDONESIA,2.872,127.464,25.0,6.9,6957.6027,0.1587,46020131.0,0.17391304347826086
360,2007,INDONESIA,-5.968,107.655,289.0,7.5,6957.6027,0.1587,264696050.0,0.0
361,2007,INDONESIA,-7.783,114.338,35.0,4.8,6957.6027,0.1587,10673773.0,0.08695652173913043
362,2007,INDONESIA,-4.438,101.367,34.0,8.4,6957.6027,0.1587,2877665302.0,0.6521739130434783
363,2007,INDONESIA,-2.625,100.841,35.0,7.9,6957.6027,0.1587,530150756.0,0.0
364,2007,INDONESIA,-8.277,118.339,35.0,6.5,6957.6027,0.1587,46626356.0,0.3913043478260869
365,2007,PHILIPPINES,6.614,126.24,79.0,4.9,7313.562,0.1232,4642990.0,0.043478260869565216
366,2007,PHILIPPINES,9.721,124.647,72.0,5.1,7313.562,0.1232,10473960.0,0.043478260869565216
367,2007,COLOMBIA,2.082,-76.495,43.0,5.0,12646.9753,0.0756,3316340.0,0.13043478260869565
368,2007,COLOMBIA,2.982,-77.967,31.0,6.8,12646.9753,0.0756,65094271.0,0.13043478260869565
369,2007,IRAN,33.49,48.93,16.0,4.7,15575.8558,0.1211,2608349.0,0.08695652173913043
370,2007,IRAN,34.437,50.833,5.0,5.5,15575.8558,0.1211,25917733.0,0.13043478260869565
371,2007,IRAN,28.154,56.652,10.0,5.0,15575.8558,0.1211,1592344.0,0.043478260869565216
372,2007,IRAN,31.68,49.93,7.0,4.8,15575.8558,0.1211,2086529.0,0.13043478260869565
373,2007,JAPAN,37.336,136.588,8.0,6.7,29850.3822,0.1527,129022978.0,0.4782608695652174
374,2007,JAPAN,34.807,136.239,16.0,4.6,29850.3822,0.1527,24190185.0,0.21739130434782608
375,2007,JAPAN,37.57,138.478,10.0,6.6,29850.3822,0.1527,111859048.0,0.5217391304347826
376,2007,JAPAN,22.013,142.668,260.0,7.5,29850.3822,0.1527,145770211.0,0.0
377,2007,GREECE,38.34,20.42,15.0,5.8,34631.7977,0.1855,7023542.0,0.08695652173913043
378,2007,SOLOMON ISLANDS,-8.466,157.043,24.0,8.1,3071.2615,0.0,24740118.0,0.5217391304347826
379,2007,SOLOMON ISLANDS,-11.61,165.762,35.0,7.2,3071.2615,0.0,1196295.0,0.0
380,2007,MEXICO,17.302,-100.198,34.0,6.0,20266.1599,0.0562,44402659.0,0.08695652173913043
381,2007,ALBANIA,41.172,19.897,14.0,4.5,9990.6939,0.1908,2383787.0,0.043478260869565216
382,2007,CHILE,-45.243,-72.648,37.0,6.2,19628.753,0.0712,925003.0,0.13043478260869565
383,2007,CHILE,-22.247,-69.89,40.0,7.7,19628.753,0.0712,119914179.0,0.43478260869565216
384,2007,CHILE,-32.689,-71.695,25.0,5.9,19628.753,0.0712,11413737.0,0.13043478260869565
385,2007,UNITED KINGDOM,51.085,1.009,10.0,4.6,37024.3103,0.1836,4225382.0,0.08695652173913043
386,2007,GUATEMALA,13.554,-90.618,23.0,6.7,10650.4848,0.0892,53299903.0,0.13043478260869565
387,2007,ECUADOR,-3.987,-79.836,50.0,4.5,11687.5675,0.0943,1365639.0,0.0
388,2007,TAJIKISTAN,38.936,70.485,10.0,5.2,4006.4683,0.1699,6310961.0,0.043478260869565216
389,2007,INDIA,30.881,78.239,19.0,4.3,4476.6262,0.1564,2690976.0,0.13043478260869565
390,2007,INDIA,17.2,73.7,5.0,4.4,4476.6262,0.1564,6275562.0,0.043478260869565216
391,2007,INDIA,21.181,70.724,10.0,5.1,4476.6262,0.1564,11784140.0,0.21739130434782608
392,2007,INDIA,28.555,77.057,10.0,4.7,4476.6262,0.1564,45862971.0,0.08695652173913043
393,2007,PERU,-13.386,-76.603,39.0,8.0,9840.0513,0.0741,170752785.0,0.8260869565217391
394,2007,NEW ZEALAND,-49.418,163.954,10.0,7.4,37579.3579,0.2232,4127793.0,0.0
395,2007,NEW ZEALAND,-44.785,167.583,26.0,6.8,37579.3579,0.2232,1452761.0,0.043478260869565216
396,2007,NEW ZEALAND,-39.011,178.291,20.0,6.6,37579.3579,0.2232,3658228.0,0.13043478260869565
397,2007,PAKISTAN,35.304,76.753,10.0,4.8,6284.6945,0.1614,283420.0,0.08695652173913043
398,2007,BANGLADESH,22.15,92.388,29.0,5.1,3953.5536,0.1533,18833863.0,0.08695652173913043
399,2007,BRAZIL,-15.048,-44.231,10.0,4.6,15558.0319,0.1011,317204.0,0.2608695652173913
400,2008,KYRGYZSTAN,40.288,72.985,6.0,5.6,4957.0863,0.1722,11095038.0,0.30434782608695654
401,2008,KYRGYZSTAN,39.533,73.824,27.0,6.6,4957.0863,0.1722,95611017.0,0.3913043478260869
402,2008,GUATEMALA,14.129,-91.479,66.0,5.6,10748.6751,0.0904,18433750.0,0.08695652173913043
403,2008,GUATEMALA,13.564,-90.599,33.0,6.1,10748.6751,0.0904,30044348.0,0.08695652173913043
404,2008,INDONESIA,-0.795,134.012,12.0,5.9,7838.2159,0.1342,973129.0,0.13043478260869565
405,2008,INDONESIA,1.011,97.442,20.0,6.1,7838.2159,0.1342,21361923.0,0.21739130434782608
406,2008,INDONESIA,2.768,95.964,26.0,7.4,7838.2159,0.1342,289234799.0,0.08695652173913043
407,2008,INDONESIA,-2.486,99.972,25.0,6.5,7838.2159,0.1342,53567427.0,0.13043478260869565
408,2008,INDONESIA,-3.935,103.058,25.0,5.4,7838.2159,0.1342,11592150.0,0.2608695652173913
409,2008,INDONESIA,1.271,122.091,30.0,7.3,7838.2159,0.1342,169110785.0,0.3913043478260869
410,2008,ALGERIA,35.616,-0.57,10.0,4.6,13270.7695,0.1832,4129160.0,0.21739130434782608
411,2008,ALGERIA,35.883,-0.658,4.0,5.5,13270.7695,0.1832,10381195.0,0.2608695652173913
412,2008,CONGO,-2.296,28.9,10.0,5.9,5122.2615,0.1015,40911950.0,0.5217391304347826
413,2008,INDIA,23.433,87.111,10.0,4.3,4823.4613,0.1521,12585145.0,0.30434782608695654
414,2008,INDIA,23.33,70.592,10.0,4.5,4823.4613,0.1521,2296205.0,0.08695652173913043
415,2008,INDIA,24.702,84.964,11.0,3.8,4823.4613,0.1521,5075688.0,0.08695652173913043
416,2008,INDIA,17.438,73.915,10.0,5.0,4823.4613,0.1521,20037651.0,0.3913043478260869
417,2008,MEXICO,32.456,-115.315,3.0,5.1,20064.3746,0.0524,2192553.0,0.043478260869565216
418,2008,IRAN,31.73,51.2,14.0,4.9,15214.3294,0.1257,4765022.0,0.17391304347826086
419,2008,IRAN,33.86,48.59,16.0,4.5,15214.3294,0.1257,2068089.0,0.13043478260869565
420,2008,IRAN,35.5,58.8,10.0,5.0,15214.3294,0.1257,4543423.0,0.13043478260869565
421,2008,IRAN,26.743,55.828,12.0,6.1,15214.3294,0.1257,14617484.0,0.4782608695652174
422,2008,IRAN,26.99,55.8,15.0,5.4,15214.3294,0.1257,4770411.0,0.13043478260869565
423,2008,RWANDA,-2.404,28.918,10.0,4.9,2215.3622,0.0991,14711355.0,0.2608695652173913
424,2008,UNITED KINGDOM,53.403,-0.332,18.0,4.8,38058.5753,0.1897,5506158.0,0.13043478260869565
425,2008,BRAZIL,-3.7,-40.35,10.0,4.3,16057.6598,0.1019,909053.0,0.043478260869565216
426,2008,BRAZIL,-3.91,-40.44,10.0,0.0,16057.6598,0.1019,23739421.0,0.043478260869565216
427,2008,CHINA,35.49,81.467,10.0,7.2,9030.4793,0.1421,777717363.0,0.30434782608695654
428,2008,CHINA,30.98,103.396,10.0,7.9,9030.4793,0.1421,2116100354.0,0.8695652173913043
429,2008,CHINA,32.57,105.424,10.0,6.0,9030.4793,0.1421,106123677.0,0.5217391304347826
430,2008,CHINA,32.71,105.54,10.0,5.7,9030.4793,0.1421,68480021.0,0.30434782608695654
431,2008,CHINA,32.747,105.542,10.0,5.6,9030.4793,0.1421,59426727.0,0.3913043478260869
432,2008,CHINA,32.036,104.722,7.0,5.7,9030.4793,0.1421,75335531.0,0.5217391304347826
433,2008,CHINA,32.756,105.494,6.0,6.0,9030.4793,0.1421,99917890.0,0.17391304347826086
434,2008,CHINA,25.051,97.919,46.0,5.0,9030.4793,0.1421,3649327.0,0.34782608695652173
435,2008,CHINA,25.044,97.684,1.0,6.0,9030.4793,0.1421,29810242.0,0.30434782608695654
436,2008,CHINA,30.901,83.52,12.0,6.7,9030.4793,0.1421,474419923.0,0.21739130434782608
437,2008,CHINA,26.272,101.937,17.0,5.9,9030.4793,0.1421,49889648.0,0.5217391304347826
438,2008,CHINA,29.807,90.35,12.0,6.3,9030.4793,0.1421,118363886.0,0.30434782608695654
439,2008,CHINA,37.565,95.833,19.0,6.3,9030.4793,0.1421,3268571.0,0.2608695652173913
440,2008,CHINA,32.518,105.395,25.0,4.5,9030.4793,0.1421,3260207.0,0.08695652173913043
441,2008,CHINA,23.97,97.569,35.0,4.8,9030.4793,0.1421,2413183.0,0.34782608695652173
442,2008,PERU,-12.178,-77.164,51.0,5.3,10677.9885,0.0776,10385965.0,0.13043478260869565
443,2008,PERU,-10.368,-75.512,33.0,5.5,10677.9885,0.0776,12642569.0,0.21739130434782608
444,2008,PERU,-15.986,-71.748,123.0,6.2,10677.9885,0.0776,9492990.0,0.17391304347826086
445,2008,JAPAN,36.158,141.521,39.0,6.8,29342.374,0.1569,102122517.0,0.08695652173913043
446,2008,JAPAN,39.03,140.881,8.0,6.9,29342.374,0.1569,109493446.0,0.43478260869565216
447,2008,JAPAN,37.552,142.214,22.0,6.9,29342.374,0.1569,102665461.0,0.0
448,2008,JAPAN,39.802,141.464,108.0,6.8,29342.374,0.1569,103976842.0,0.34782608695652173
449,2008,JAPAN,41.892,143.754,25.0,6.8,29342.374,0.1569,80187702.0,0.0
450,2008,COLOMBIA,4.33,-73.764,9.0,5.6,12816.9563,0.0754,23150896.0,0.17391304347826086
451,2008,ICELAND,64.004,-21.012,10.0,6.3,40184.2786,0.2353,296814.0,0.08695652173913043
452,2008,GREECE,37.963,21.525,16.0,6.3,34068.5161,0.1984,23621261.0,0.4782608695652174
453,2008,VENEZUELA,10.514,-64.171,13.0,5.2,46227.7698,0.0904,3103114.0,0.08695652173913043
454,2008,PHILIPPINES,12.897,124.319,10.0,6.0,7436.6728,0.1244,28231187.0,0.043478260869565216
455,2008,NEW ZEALAND,-39.715,176.851,32.0,5.5,36352.8173,0.2599,1439339.0,0.043478260869565216
456,2008,TURKEY,37.507,38.503,6.0,4.1,21438.8992,0.1475,1137614.0,0.043478260869565216
457,2008,PAKISTAN,30.639,67.351,15.0,6.4,6257.1909,0.1681,106906272.0,0.7826086956521738
458,2008,PAKISTAN,30.598,67.455,14.0,6.4,6257.1909,0.1681,110806470.0,0.21739130434782608
459,2008,PANAMA,8.267,-82.967,32.0,6.1,24246.0807,0.0904,8165355.0,0.043478260869565216
460,2008,ARGENTINA,-32.938,-69.259,10.0,4.1,19515.5452,0.1275,858417.0,0.043478260869565216
461,2009,PAPUA NEW GUINEA,-0.414,132.885,17.0,7.6,4213.2733,0.1303,132424940.0,0.43478260869565216
462,2009,PAPUA NEW GUINEA,-0.691,133.305,23.0,7.3,4213.2733,0.1303,60725131.0,0.0
463,2009,COSTA RICA,10.165,-84.197,14.0,6.1,17334.0848,0.094,11452573.0,0.4782608695652174
464,2009,PERU,-11.779,-75.626,10.0,4.6,10565.6285,0.0835,1182710.0,0.2608695652173913
465,2009,INDONESIA,3.884,126.397,22.0,7.2,8243.3189,0.1299,107984055.0,0.30434782608695654
466,2009,INDONESIA,-1.479,99.49,20.0,6.7,8243.3189,0.1299,74645460.0,0.043478260869565216
467,2009,INDONESIA,-7.782,107.297,46.0,7.0,8243.3189,0.1299,176518240.0,0.5652173913043478
468,2009,INDONESIA,-9.138,115.593,79.0,5.7,8243.3189,0.1299,17733352.0,0.17391304347826086
469,2009,INDONESIA,-0.72,99.867,81.0,7.5,8243.3189,0.1299,321618500.0,0.8260869565217391
470,2009,INDONESIA,-2.515,101.501,10.0,6.6,8243.3189,0.1299,111601733.0,0.30434782608695654
471,2009,INDONESIA,-8.207,118.631,18.0,6.6,8243.3189,0.1299,53965084.0,0.34782608695652173
472,2009,CHINA,40.657,78.692,17.0,5.5,9533.8227,0.1414,3135984.0,0.43478260869565216
473,2009,CHINA,25.632,101.095,7.0,5.7,9533.8227,0.1414,33149226.0,0.2608695652173913
474,2009,CHINA,31.158,85.902,13.0,5.8,9533.8227,0.1414,478587.0,0.17391304347826086
475,2009,CHINA,29.358,105.438,10.0,3.4,9533.8227,0.1414,1814993.0,0.30434782608695654
476,2009,CHINA,37.696,95.718,13.0,6.2,9533.8227,0.1414,2144054.0,0.08695652173913043
477,2009,CHINA,25.962,100.825,25.0,4.9,9533.8227,0.1414,6735026.0,0.34782608695652173
478,2009,INDIA,22.399,85.903,10.0,4.1,4847.8447,0.1477,4317390.0,0.13043478260869565
479,2009,INDIA,27.143,70.749,44.0,5.2,4847.8447,0.1477,7629411.0,0.21739130434782608
480,2009,INDIA,33.198,75.787,21.0,4.9,4847.8447,0.1477,11583205.0,0.13043478260869565
481,2009,INDIA,14.099,92.888,5.0,7.5,4847.8447,0.1477,1367702334.0,0.0
482,2009,INDIA,17.109,73.767,10.0,5.1,4847.8447,0.1477,19070925.0,0.13043478260869565
483,2009,NICARAGUA,13.452,-86.06,36.0,4.4,6312.0117,0.0931,1702175.0,0.17391304347826086
484,2009,ITALY,42.334,13.334,9.0,6.3,33190.7488,0.1789,62426557.0,0.6521739130434783
485,2009,ITALY,42.275,13.464,15.0,5.5,33190.7488,0.1789,17646435.0,0.13043478260869565
486,2009,AFGHANISTAN,34.185,70.076,6.0,5.4,3272.4603,0.1785,27351752.0,0.34782608695652173
487,2009,AFGHANISTAN,36.517,70.95,18.0,6.1,3272.4603,0.1785,65931053.0,0.08695652173913043
488,2009,SAUDI ARABIA,25.212,37.597,10.0,4.6,57732.2278,0.0968,196919.0,0.13043478260869565
489,2009,SAUDI ARABIA,25.292,37.744,2.0,5.7,57732.2278,0.0968,1940375.0,0.043478260869565216
490,2009,HONDURAS,16.72,-86.236,10.0,7.3,6764.8275,0.0931,151974215.0,0.43478260869565216
491,2009,KAZAKHSTAN,44.724,78.864,15.0,5.4,17547.6688,0.1565,2430607.0,0.17391304347826086
492,2009,GREECE,34.164,25.471,19.0,6.4,32781.3544,0.1988,31172748.0,0.0
493,2009,PANAMA,9.59,-78.966,38.0,6.0,24258.194,0.0931,4558160.0,0.13043478260869565
494,2009,NEW ZEALAND,-45.762,166.562,12.0,7.8,37357.1762,0.2036,15052476.0,0.043478260869565216
495,2009,JAPAN,34.743,138.264,40.0,6.4,27212.5414,0.1669,101049967.0,0.4782608695652174
496,2009,JAPAN,34.921,139.261,7.0,4.9,27212.5414,0.1669,37100632.0,0.13043478260869565
497,2009,GEORGIA,42.66,43.443,15.0,6.0,8581.2036,0.148,18590883.0,0.2608695652173913
498,2009,VENEZUELA,10.705,-67.92,10.0,6.3,42826.7156,0.0931,26608340.0,0.13043478260869565
499,2009,VENEZUELA,10.434,-69.715,7.0,5.4,42826.7156,0.0931,10220639.0,0.043478260869565216
500,2009,PHILIPPINES,6.513,124.715,10.0,5.7,7292.9796,0.1236,18817103.0,0.21739130434782608
501,2009,BHUTAN,27.332,91.437,14.0,6.1,8913.9158,0.1422,161639670.0,0.43478260869565216
502,2009,BHUTAN,27.262,91.417,26.0,5.3,8913.9158,0.1422,22367452.0,0.2608695652173913
503,2009,BHUTAN,27.319,91.51,10.0,5.2,8913.9158,0.1422,17783347.0,0.2608695652173913
504,2009,AUSTRALIA,-38.28,145.25,0.0,3.1,41229.8546,0.1766,204635.0,0.043478260869565216
505,2009,SOLOMON ISLANDS,-12.517,166.382,35.0,7.8,3042.5843,0.0,9359654.0,0.0
506,2009,ECUADOR,-0.962,-77.817,35.0,5.4,12063.6448,0.1014,8670303.0,0.043478260869565216
507,2009,IRAN,27.334,56.202,14.0,5.1,14802.399,0.1302,1539088.0,0.21739130434782608
508,2009,SOUTH AFRICA,-26.414,27.494,2.0,3.5,15810.7,0.0853,658104.0,0.08695652173913043
509,2009,SOUTH AFRICA,-26.414,27.494,2.0,3.5,15810.7,0.0899,658104.0,0.08695652173913043
510,2009,SOUTH AFRICA,-26.414,27.494,2.0,3.5,16522.2728,0.0853,658104.0,0.08695652173913043
511,2009,SOUTH AFRICA,-26.414,27.494,2.0,3.5,16522.2728,0.0899,658104.0,0.08695652173913043
512,2009,MALAWI,-9.948,33.878,8.0,5.9,2217.9616,0.1145,10350345.0,0.3913043478260869
513,2009,MALAWI,-10.108,33.818,6.0,6.0,2217.9616,0.1145,11372161.0,0.6521739130434783
514,2009,TAIWAN,23.796,121.605,57.0,6.4,35233.192,0.11,100297034.0,0.13043478260869565
515,2009,MEXICO,32.437,-115.165,9.0,5.9,18643.8153,0.0548,17662505.0,0.13043478260869565
516,2010,TAJIKISTAN,38.245,71.467,47.0,5.1,3863.2665,0.1628,1089200.0,0.30434782608695654
517,2010,SOLOMON ISLANDS,-8.743,157.477,26.0,6.6,3367.4503,0.0,1175285.0,0.0
518,2010,SOLOMON ISLANDS,-8.799,157.346,25.0,7.1,3367.4503,0.0,2105837.0,0.17391304347826086
519,2010,SOLOMON ISLANDS,-9.019,157.551,15.0,6.8,3367.4503,0.0,1503724.0,0.0
520,2010,INDONESIA,-7.907,107.879,65.0,5.1,9371.2271,0.1491,33685671.0,0.08695652173913043
521,2010,INDONESIA,2.383,97.048,31.0,7.8,9371.2271,0.1491,813646626.0,0.0
522,2010,INDONESIA,3.748,96.018,38.0,7.2,9371.2271,0.1491,203284609.0,0.043478260869565216
523,2010,INDONESIA,-2.174,136.543,18.0,7.0,9371.2271,0.1491,8264533.0,0.34782608695652173
524,2010,INDONESIA,-3.487,100.082,20.0,7.8,9371.2271,0.1491,406177518.0,0.43478260869565216
525,2010,HAITI,18.457,-72.533,13.0,7.0,4505.6082,0.0948,61913192.0,0.8695652173913043
526,2010,VENEZUELA,10.454,-63.475,8.0,5.5,41287.5568,0.0948,5211360.0,0.13043478260869565
527,2010,IRAN,32.45,48.3,5.0,5.0,15340.3975,0.1291,3905902.0,0.21739130434782608
528,2010,IRAN,27.022,53.861,10.0,5.8,15340.3975,0.1291,11820774.0,0.30434782608695654
529,2010,IRAN,35.217,59.308,24.0,5.4,15340.3975,0.1291,6283873.0,0.2608695652173913
530,2010,IRAN,35.49,54.47,7.0,5.7,15340.3975,0.1291,5518281.0,0.43478260869565216
531,2010,IRAN,29.647,51.665,27.0,5.8,15340.3975,0.1291,10201365.0,0.17391304347826086
532,2010,IRAN,33.37,48.94,5.0,4.9,15340.3975,0.1291,3296112.0,0.21739130434782608
533,2010,IRAN,28.412,59.18,12.0,6.5,15340.3975,0.1291,20645476.0,0.5217391304347826
534,2010,CHINA,25.558,105.804,27.0,4.4,10142.9773,0.1383,3960777.0,0.13043478260869565
535,2010,CHINA,30.268,105.668,10.0,4.7,10142.9773,0.1383,26339297.0,0.30434782608695654
536,2010,CHINA,25.523,101.903,36.0,4.8,10142.9773,0.1383,8336981.0,0.13043478260869565
537,2010,CHINA,33.165,96.548,17.0,6.9,10142.9773,0.1383,130272020.0,0.6956521739130435
538,2010,CHINA,27.197,103.005,35.0,4.9,10142.9773,0.1383,7638979.0,0.34782608695652173
539,2010,JAPAN,25.93,128.425,25.0,7.0,28394.0811,0.1662,153614181.0,0.08695652173913043
540,2010,JAPAN,26.901,143.698,14.0,7.4,28394.0811,0.1662,121547307.0,0.0
541,2010,CHILE,-36.122,-72.898,22.0,8.8,21056.8112,0.0689,444242341.0,0.6521739130434783
542,2010,CHILE,-34.29,-71.891,11.0,6.9,21056.8112,0.0689,24982080.0,0.043478260869565216
543,2010,ARGENTINA,-24.872,-65.602,10.0,6.3,20061.0849,0.1334,6829900.0,0.08695652173913043
544,2010,TAIWAN,22.918,120.795,21.0,6.3,38861.2386,0.1026,79950438.0,0.3913043478260869
545,2010,TURKEY,38.864,39.986,12.0,6.1,20843.9744,0.1461,34410748.0,0.5217391304347826
546,2010,INDIA,13.667,92.831,34.0,6.7,5142.991,0.1433,45255026.0,0.2608695652173913
547,2010,INDIA,30.099,80.026,36.0,4.5,5142.991,0.1433,2433633.0,0.043478260869565216
548,2010,INDIA,7.881,91.936,35.0,7.5,5142.991,0.1433,819672233.0,0.0
549,2010,INDIA,13.197,93.087,20.0,5.9,5142.991,0.1433,1044166.0,0.13043478260869565
550,2010,INDIA,29.872,80.428,16.0,5.2,5142.991,0.1433,17492509.0,0.08695652173913043
551,2010,MEXICO,32.297,-115.278,4.0,7.2,19394.581,0.0573,73491435.0,0.4782608695652174
552,2010,MEXICO,16.396,-97.782,20.0,6.2,19394.581,0.0573,54601171.0,0.043478260869565216
553,2010,AFGHANISTAN,35.633,67.658,13.0,5.6,3697.8434,0.1792,17226149.0,0.4782608695652174
554,2010,AUSTRALIA,-30.794,121.406,0.0,5.2,41201.3759,0.1765,36053.0,0.13043478260869565
555,2010,PERU,-18.058,-70.547,37.0,6.2,11160.0147,0.0865,7665150.0,0.21739130434782608
556,2010,ALGERIA,35.9,4.12,2.0,5.2,13263.8918,0.1879,13360639.0,0.08695652173913043
557,2010,PUERTO RICO,18.4,-67.07,113.0,5.8,19938.292,0.0,5943759.0,0.08695652173913043
558,2010,CANADA,45.88,-75.48,22.0,5.2,39667.7795,0.1705,2357998.0,0.043478260869565216
559,2010,PHILIPPINES,6.486,123.467,586.0,7.6,7580.3107,0.1236,464324409.0,0.0
560,2010,ECUADOR,-1.266,-77.306,207.0,7.1,12113.8066,0.0995,70486234.0,0.043478260869565216
561,2010,NEW ZEALAND,-43.522,171.83,12.0,7.0,36924.4001,0.2041,4141463.0,0.34782608695652173
562,2010,NEW ZEALAND,-43.57,172.388,9.0,5.0,36924.4001,0.2041,511740.0,0.043478260869565216
563,2010,NEW ZEALAND,-40.433,176.818,21.0,5.1,36924.4001,0.2041,301108.0,0.043478260869565216
564,2010,NEW ZEALAND,-43.598,172.69,6.0,5.0,36924.4001,0.2041,470162.0,0.043478260869565216
565,2010,NEW ZEALAND,-43.55,172.647,5.0,4.5,36924.4001,0.2041,441998.0,0.08695652173913043
566,2010,BANGLADESH,23.407,90.648,10.0,4.8,4402.1273,0.1606,61682266.0,0.043478260869565216
567,2010,PAKISTAN,33.869,72.887,33.0,5.2,6287.3615,0.1696,44649850.0,0.21739130434782608
568,2010,PAKISTAN,30.178,67.117,27.0,4.7,6287.3615,0.1696,2475420.0,0.17391304347826086
569,2010,ETHIOPIA,7.521,37.839,10.0,5.1,2378.2931,0.1649,20343764.0,0.34782608695652173
570,2011,IRAN,30.16,51.62,24.0,4.5,15503.8226,0.1349,1119759.0,0.13043478260869565
571,2011,PAKISTAN,28.777,63.951,68.0,7.2,6371.3497,0.1706,455745803.0,0.34782608695652173
572,2011,CHINA,24.693,97.943,31.0,4.8,10722.1193,0.1409,3499831.0,0.2608695652173913
573,2011,CHINA,24.719,97.969,26.0,5.5,10722.1193,0.1409,12107696.0,0.6521739130434783
574,2011,CHINA,31.373,100.757,43.0,5.1,10722.1193,0.1409,614947.0,0.08695652173913043
575,2011,CHINA,43.015,88.247,21.0,5.3,10722.1193,0.1409,5209583.0,0.13043478260869565
576,2011,CHINA,25.075,98.721,39.0,5.3,10722.1193,0.1409,10479273.0,0.13043478260869565
577,2011,CHINA,32.447,95.948,29.0,5.3,10722.1193,0.1409,737873.0,0.21739130434782608
578,2011,CHINA,24.932,98.73,40.0,5.0,10722.1193,0.1409,5484655.0,0.34782608695652173
579,2011,CHINA,39.955,77.028,10.0,5.7,10722.1193,0.1409,5458844.0,0.13043478260869565
580,2011,CHINA,43.648,82.437,28.0,5.6,10722.1193,0.1409,4412724.0,0.34782608695652173
581,2011,CHINA,38.31,76.888,32.0,5.3,10722.1193,0.1409,4651053.0,0.21739130434782608
582,2011,CHILE,-36.474,-73.125,28.0,6.8,21977.6715,0.0678,19930029.0,0.0
583,2011,NEW ZEALAND,-43.583,172.68,6.0,6.1,37812.5952,0.1983,1553569.0,0.6521739130434783
584,2011,NEW ZEALAND,-43.564,172.743,6.0,6.0,37812.5952,0.1983,1356259.0,0.34782608695652173
585,2011,NEW ZEALAND,-29.539,-176.34,17.0,7.6,37812.5952,0.1983,0.0,0.0
586,2011,NEW ZEALAND,-41.364,174.315,56.0,5.3,37812.5952,0.1983,814556.0,0.13043478260869565
587,2011,NEW ZEALAND,-43.49,172.8,10.0,5.8,37812.5952,0.1983,1280328.0,0.17391304347826086
588,2011,PHILIPPINES,9.457,125.935,50.0,5.5,7743.7816,0.1249,16433445.0,0.13043478260869565
589,2011,PHILIPPINES,7.904,125.185,46.0,5.0,7743.7816,0.1249,12045729.0,0.13043478260869565
590,2011,JAPAN,38.435,142.842,32.0,7.5,29148.4323,0.1685,183477436.0,0.0
591,2011,JAPAN,38.297,142.373,29.0,9.1,29148.4323,0.1685,0.0,0.8695652173913043
592,2011,JAPAN,36.281,141.111,43.0,7.9,29148.4323,0.1685,501373309.0,0.0
593,2011,JAPAN,38.058,144.59,19.0,7.6,29148.4323,0.1685,173708647.0,0.0
594,2011,JAPAN,38.276,141.588,42.0,7.1,29148.4323,0.1685,117738101.0,0.21739130434782608
595,2011,JAPAN,37.001,140.401,11.0,6.6,29148.4323,0.1685,102580496.0,0.13043478260869565
596,2011,JAPAN,38.034,143.264,23.0,7.0,29148.4323,0.1685,101345100.0,0.0
597,2011,MYANMAR,20.687,99.822,8.0,6.8,3813.9763,0.1271,256608952.0,0.5217391304347826
598,2011,INDONESIA,-4.586,122.771,8.0,6.1,10013.4248,0.1428,13193038.0,0.21739130434782608
599,2011,INDONESIA,2.965,97.893,91.0,6.7,10013.4248,0.1428,74194354.0,0.17391304347826086
600,2011,SPAIN,37.699,-1.672,1.0,5.1,30145.7084,0.2073,4268759.0,0.2608695652173913
601,2011,TURKEY,39.12,29.04,7.0,4.3,22991.5185,0.1452,729659.0,0.30434782608695654
602,2011,TURKEY,38.722,43.513,16.0,7.1,22991.5185,0.1452,218436770.0,0.8260869565217391
603,2011,TURKEY,38.429,43.229,5.0,5.7,22991.5185,0.1452,19176929.0,0.13043478260869565
604,2011,UZBEKISTAN,40.081,71.41,20.0,6.1,5608.3562,0.1467,34251803.0,0.2608695652173913
605,2011,INDIA,28.724,77.189,10.0,4.3,5525.1807,0.1373,37348775.0,0.08695652173913043
606,2011,INDIA,27.73,88.155,50.0,6.9,5525.1807,0.1373,650438564.0,0.7826086956521738
607,2011,INDIA,21.211,70.533,10.0,5.0,5525.1807,0.1373,9626178.0,0.34782608695652173
608,2011,INDIA,27.449,88.684,10.0,3.5,5525.1807,0.1373,425395.0,0.043478260869565216
609,2011,INDIA,24.955,95.236,114.0,5.8,5525.1807,0.1373,30710413.0,0.043478260869565216
610,2011,GUATEMALA,14.186,-90.238,9.0,5.6,10326.8558,0.0979,24713049.0,0.08695652173913043
611,2011,PERU,-14.438,-75.966,24.0,6.9,11611.073,0.0855,28605483.0,0.34782608695652173
612,2011,ECUADOR,-0.13,-78.37,3.0,4.0,12908.3535,0.1133,2724067.0,0.13043478260869565
613,2011,MEXICO,17.844,-99.963,54.0,6.4,19729.1066,0.0556,76735207.0,0.2608695652173913
614,2012,IRAN,36.288,58.835,8.0,5.3,14189.9706,0.1414,7820516.0,0.2608695652173913
615,2012,IRAN,31.428,56.778,10.0,5.2,14189.9706,0.1414,1322334.0,0.17391304347826086
616,2012,IRAN,32.747,47.726,10.0,5.4,14189.9706,0.1414,11903166.0,0.2608695652173913
617,2012,IRAN,38.329,46.826,11.0,6.5,14189.9706,0.1414,97423003.0,0.8260869565217391
618,2012,IRAN,33.506,59.571,14.0,5.7,14189.9706,0.1414,3686107.0,0.17391304347826086
619,2012,PERU,-14.168,-75.635,43.0,6.4,12282.6217,0.0886,19356928.0,0.21739130434782608
620,2012,PHILIPPINES,9.999,123.206,11.0,6.7,8058.1228,0.126,93929527.0,0.6086956521739131
621,2012,PHILIPPINES,12.354,123.7,37.0,5.6,8058.1228,0.126,25174832.0,0.21739130434782608
622,2012,PHILIPPINES,10.037,125.633,18.0,5.8,8058.1228,0.126,27001468.0,0.21739130434782608
623,2012,PHILIPPINES,10.811,126.638,28.0,7.6,8058.1228,0.126,411893888.0,0.17391304347826086
624,2012,TAIWAN,22.661,120.891,28.0,5.9,40395.9489,0.1112,38994756.0,0.043478260869565216
625,2012,CHINA,39.383,81.307,38.0,5.9,11389.7481,0.1454,4840495.0,0.4782608695652174
626,2012,CHINA,27.767,100.781,10.0,5.5,11389.7481,0.1454,11316929.0,0.5217391304347826
627,2012,CHINA,43.433,84.7,18.0,6.3,11389.7481,0.1454,14427252.0,0.43478260869565216
628,2012,CHINA,32.978,119.593,10.0,4.9,11389.7481,0.1454,34857748.0,0.13043478260869565
629,2012,CHINA,27.575,103.983,10.0,5.6,11389.7481,0.1454,56237350.0,0.7391304347826086
630,2012,CHINA,40.411,90.355,10.0,5.1,11389.7481,0.1454,3486.0,0.13043478260869565
631,2012,JAPAN,40.887,144.944,12.0,6.9,29732.4954,0.1686,72353665.0,0.0
632,2012,JAPAN,37.89,143.949,31.0,7.2,29732.4954,0.1686,113436810.0,0.043478260869565216
633,2012,MEXICO,16.493,-98.231,20.0,7.4,20030.0006,0.0538,169145224.0,0.3913043478260869
634,2012,CHILE,-35.2,-72.217,41.0,7.2,23460.462,0.0712,32079554.0,0.21739130434782608
635,2012,CHILE,-32.625,-71.365,29.0,6.7,23460.462,0.0712,21716452.0,0.17391304347826086
636,2012,CHILE,-17.678,-69.591,10.0,6.3,23460.462,0.0712,12246371.0,0.043478260869565216
637,2012,INDONESIA,2.327,93.063,20.0,8.6,10359.7224,0.1479,3963911441.0,0.21739130434782608
638,2012,INDONESIA,0.802,92.463,25.0,8.2,10359.7224,0.1479,2752129081.0,0.0
639,2012,INDONESIA,-7.692,106.371,50.0,5.8,10359.7224,0.1479,75560636.0,0.13043478260869565
640,2012,INDONESIA,2.707,96.045,22.0,6.5,10359.7224,0.1479,48407720.0,0.13043478260869565
641,2012,INDONESIA,-1.315,120.096,10.0,6.3,10359.7224,0.1479,21894087.0,0.5652173913043478
642,2012,AZERBAIJAN,41.549,46.789,11.0,5.7,14683.8793,0.1956,16408989.0,0.3913043478260869
643,2012,INDIA,26.175,92.889,43.0,5.4,5747.2697,0.1346,42012974.0,0.17391304347826086
644,2012,INDIA,23.739,81.314,10.0,5.0,5747.2697,0.1346,12712019.0,0.17391304347826086
645,2012,TAJIKISTAN,38.612,70.354,10.0,5.7,4394.0105,0.1623,25581293.0,0.2608695652173913
646,2012,BRAZIL,-16.764,-43.999,10.0,4.1,17019.7473,0.1058,495389.0,0.08695652173913043
647,2012,ITALY,44.89,11.23,6.0,6.1,31881.5942,0.1714,61986425.0,0.3913043478260869
648,2012,ITALY,44.831,11.49,5.0,5.1,31881.5942,0.1714,13813577.0,0.043478260869565216
649,2012,ITALY,44.851,11.086,10.0,5.9,31881.5942,0.1714,41075436.0,0.34782608695652173
650,2012,BULGARIA,42.645,22.968,10.0,5.6,15329.4954,0.1839,15253188.0,0.17391304347826086
651,2012,TURKEY,36.42,28.88,35.0,6.1,23531.2808,0.1452,17588786.0,0.17391304347826086
652,2012,TURKEY,37.294,42.325,5.0,5.3,23531.2808,0.1452,10811158.0,0.13043478260869565
653,2012,AFGHANISTAN,36.023,69.351,16.0,5.8,3755.9246,0.19,37669320.0,0.4782608695652174
654,2012,SOLOMON ISLANDS,-9.694,159.727,20.0,6.4,3514.0118,0.0,770810.0,0.08695652173913043
655,2012,NICARAGUA,12.139,-88.59,28.0,7.3,6787.057,0.1007,148309693.0,0.0
656,2012,COSTA RICA,10.085,-85.315,35.0,7.6,18824.0917,0.0878,261409775.0,0.34782608695652173
657,2012,CANADA,52.788,-132.101,14.0,7.7,40581.4692,0.1721,43016489.0,0.13043478260869565
658,2012,GUATEMALA,13.988,-91.895,24.0,7.3,10366.786,0.1007,157762444.0,0.7391304347826086
659,2013,INDONESIA,4.927,95.907,12.0,6.1,10605.1011,0.1518,16784653.0,0.21739130434782608
660,2013,INDONESIA,-8.305,116.058,47.0,5.1,10605.1011,0.1518,7592418.0,0.5217391304347826
661,2013,INDONESIA,4.645,96.665,13.0,6.1,10605.1011,0.1518,22076324.0,0.5652173913043478
662,2013,INDONESIA,-8.803,113.002,60.0,5.7,10605.1011,0.1518,57434365.0,0.21739130434782608
663,2013,INDONESIA,5.103,95.971,10.0,5.4,10605.1011,0.1518,3844443.0,0.2608695652173913
664,2013,SOLOMON ISLANDS,-10.799,165.114,24.0,7.9,3864.1409,0.0,13118061.0,0.5217391304347826
665,2013,SOLOMON ISLANDS,-10.928,166.018,21.0,7.0,3864.1409,0.0,705776.0,0.0
666,2013,COLOMBIA,1.135,-77.393,145.0,7.0,14330.64,0.0871,76143662.0,0.3913043478260869
667,2013,CHINA,27.226,103.071,10.0,4.9,12378.8819,0.1403,8219970.0,0.34782608695652173
668,2013,CHINA,25.98,99.812,8.0,5.4,12378.8819,0.1403,14034217.0,0.4782608695652174
669,2013,CHINA,40.119,77.466,10.0,5.1,12378.8819,0.1403,1926523.0,0.21739130434782608
670,2013,CHINA,30.308,102.888,14.0,6.6,12378.8819,0.1403,235504347.0,0.7826086956521738
671,2013,CHINA,34.512,104.262,8.0,6.0,12378.8819,0.1403,42900903.0,0.7391304347826086
672,2013,CHINA,30.046,97.957,6.0,5.7,12378.8819,0.1403,2639242.0,0.13043478260869565
673,2013,CHINA,28.239,99.328,10.0,5.2,12378.8819,0.1403,1676982.0,0.13043478260869565
674,2013,CHINA,28.243,99.35,8.0,5.6,12378.8819,0.1403,4882566.0,0.5652173913043478
675,2013,CHINA,44.599,124.168,10.0,5.3,12378.8819,0.1403,18261104.0,0.2608695652173913
676,2013,CHINA,31.066,110.412,18.0,5.1,12378.8819,0.1403,10616696.0,0.13043478260869565
677,2013,PERU,-15.748,-71.425,8.0,5.3,12925.5931,0.0878,2717441.0,0.13043478260869565
678,2013,PERU,-15.839,-74.511,40.0,7.1,12925.5931,0.0878,38069899.0,0.08695652173913043
679,2013,TAIWAN,23.828,121.215,19.0,6.0,40988.9782,0.1127,47232517.0,0.34782608695652173
680,2013,TAIWAN,23.789,121.141,17.0,6.3,40988.9782,0.1127,89998338.0,0.17391304347826086
681,2013,IRAN,28.428,51.593,12.0,6.3,13410.7687,0.1487,42137330.0,0.6086956521739131
682,2013,IRAN,26.56,57.77,15.0,6.1,13410.7687,0.1487,14001564.0,0.30434782608695654
683,2013,IRAN,29.32,51.31,8.0,5.8,13410.7687,0.1487,10457470.0,0.43478260869565216
684,2013,HONDURAS,15.52,-87.159,4.0,5.4,6641.0492,0.1012,9868526.0,0.17391304347826086
685,2013,JAPAN,34.369,134.828,14.0,5.8,30562.409,0.1679,45439081.0,0.13043478260869565
686,2013,JAPAN,33.958,139.352,9.0,5.8,30562.409,0.1679,60880912.0,0.17391304347826086
687,2013,JAPAN,37.156,144.661,35.0,7.1,30562.409,0.1679,101997300.0,0.043478260869565216
688,2013,MEXICO,18.081,-102.182,30.0,6.0,19769.4818,0.0551,44843558.0,0.0
689,2013,MEXICO,16.878,-99.498,21.0,6.2,19769.4818,0.0551,67180422.0,0.13043478260869565
690,2013,AFGHANISTAN,34.526,70.22,64.0,5.5,3841.5839,0.1873,35418728.0,0.3913043478260869
691,2013,INDIA,33.061,75.863,15.0,5.7,5858.1994,0.1339,87633029.0,0.6086956521739131
692,2013,INDIA,33.297,75.95,42.0,5.2,5858.1994,0.1339,22870113.0,0.2608695652173913
693,2013,ALGERIA,36.703,5.261,7.0,4.9,13230.7082,0.1902,5859509.0,0.17391304347826086
694,2013,ALGERIA,36.534,3.086,10.0,4.8,13230.7082,0.1902,8676639.0,0.21739130434782608
695,2013,PHILIPPINES,7.275,124.898,10.0,5.7,8412.4032,0.1277,22626151.0,0.21739130434782608
696,2013,PHILIPPINES,9.88,124.117,19.0,7.1,8412.4032,0.1277,107508345.0,0.8260869565217391
697,2013,GREECE,34.4,25.02,10.0,6.2,23299.3155,0.1967,14583551.0,0.0
698,2013,GREECE,38.689,22.695,0.0,5.3,23299.3155,0.1967,6706428.0,0.17391304347826086
699,2013,GREECE,35.514,23.252,40.0,6.6,23299.3155,0.1967,48969179.0,0.13043478260869565
700,2013,NEW ZEALAND,-41.704,174.337,17.0,6.5,39637.6349,0.1949,4039744.0,0.2608695652173913
701,2013,NEW ZEALAND,-41.734,174.152,8.0,6.5,39637.6349,0.1949,4094122.0,0.34782608695652173
702,2013,GUATEMALA,14.606,-92.121,66.0,6.4,10392.9509,0.1012,47751248.0,0.2608695652173913
703,2013,PAKISTAN,26.951,65.501,15.0,7.7,6633.0429,0.1735,1349869819.0,0.7826086956521738
704,2013,PAKISTAN,27.183,65.505,12.0,6.8,6633.0429,0.1735,194439192.0,0.2608695652173913
705,2013,TAJIKISTAN,38.41,68.89,23.0,5.2,4592.5958,0.1618,9074743.0,0.34782608695652173
706,2014,IRAN,27.15,54.448,8.0,5.2,13567.609,0.1443,1458944.0,0.30434782608695654
707,2014,IRAN,26.589,57.741,10.0,5.3,13567.609,0.1443,2365516.0,0.17391304347826086
708,2014,IRAN,32.703,47.695,10.0,6.2,13567.609,0.1443,73564851.0,0.6521739130434783
709,2014,COLOMBIA,4.557,-76.644,54.0,5.5,14677.1436,0.092,17612753.0,0.21739130434782608
710,2014,PUERTO RICO,19.043,-66.81,20.0,6.4,20362.7758,0.0,16148561.0,0.043478260869565216
711,2014,NEW ZEALAND,-40.66,175.814,28.0,6.1,39912.391,0.1941,2531151.0,0.08695652173913043
712,2014,INDONESIA,-7.986,109.265,66.0,6.1,10756.4813,0.1514,133993972.0,0.17391304347826086
713,2014,INDONESIA,1.893,126.522,45.0,7.1,10756.4813,0.1514,71325441.0,0.0
714,2014,GREECE,38.208,20.453,8.0,6.1,23892.6599,0.1844,15850584.0,0.2608695652173913
715,2014,GREECE,38.264,20.39,5.0,6.0,23892.6599,0.1844,9428279.0,0.13043478260869565
716,2014,CHINA,35.905,82.586,10.0,6.9,13370.8967,0.1438,190430404.0,0.5217391304347826
717,2014,CHINA,28.174,103.619,25.0,5.4,13370.8967,0.1438,39619357.0,0.4782608695652174
718,2014,CHINA,24.974,97.844,8.0,5.8,13370.8967,0.1438,21637213.0,0.3913043478260869
719,2014,CHINA,25.0,97.845,10.0,5.9,13370.8967,0.1438,25341208.0,0.4782608695652174
720,2014,CHINA,27.189,103.409,12.0,6.2,13370.8967,0.1438,158420809.0,0.9565217391304348
721,2014,CHINA,28.125,103.546,10.0,5.0,13370.8967,0.1438,10163717.0,0.21739130434782608
722,2014,CHINA,23.383,100.47,9.0,6.1,13370.8967,0.1438,50263949.0,0.3913043478260869
723,2014,CHINA,30.34,101.737,9.0,5.9,13370.8967,0.1438,40342809.0,0.5217391304347826
724,2014,CHINA,23.358,100.533,10.0,5.6,13370.8967,0.1438,24146626.0,0.4782608695652174
725,2014,AUSTRALIA,-30.679,121.187,0.0,4.5,41846.0709,0.175,34926.0,0.043478260869565216
726,2014,JAPAN,33.684,131.825,79.0,6.3,30835.2329,0.1681,74738646.0,0.08695652173913043
727,2014,JAPAN,37.005,142.453,20.0,6.5,30835.2329,0.1681,74599964.0,0.08695652173913043
728,2014,JAPAN,36.641,137.888,9.0,6.2,30835.2329,0.1681,100753506.0,0.43478260869565216
729,2014,CHILE,-19.981,-70.702,20.0,6.7,24093.5701,0.0753,17654475.0,0.043478260869565216
730,2014,CHILE,-19.61,-70.769,25.0,8.2,24093.5701,0.0753,380438104.0,0.3913043478260869
731,2014,CHILE,-20.571,-70.493,22.0,7.7,24093.5701,0.0753,137851212.0,0.0
732,2014,CHILE,-32.108,-110.811,17.0,7.0,24093.5701,0.0753,5550.0,0.0
733,2014,NICARAGUA,12.403,-86.378,13.0,6.1,7098.7203,0.1028,27447723.0,0.5652173913043478
734,2014,NICARAGUA,12.151,-86.281,10.0,5.2,7098.7203,0.1028,5969221.0,0.13043478260869565
735,2014,PAPUA NEW GUINEA,-6.586,155.049,61.0,7.1,5082.9613,0.1291,4520495.0,0.17391304347826086
736,2014,PAPUA NEW GUINEA,-6.755,155.024,43.0,7.5,5082.9613,0.1291,10917934.0,0.0
737,2014,SOLOMON ISLANDS,-11.27,162.148,23.0,7.6,3722.5165,0.0,10464483.0,0.0
738,2014,SOLOMON ISLANDS,-11.463,162.051,39.0,7.4,3722.5165,0.0,3303458.0,0.0
739,2014,MEXICO,17.397,-100.972,24.0,7.2,20061.5712,0.0563,129528782.0,0.13043478260869565
740,2014,MEXICO,17.235,-100.746,17.0,6.4,20061.5712,0.0563,78687159.0,0.08695652173913043
741,2014,MEXICO,17.682,-95.653,107.0,6.3,20061.5712,0.0563,71115138.0,0.2608695652173913
742,2014,THAILAND,19.656,99.67,6.0,6.1,12634.1991,0.1248,47033523.0,0.43478260869565216
743,2014,PAKISTAN,26.387,68.358,15.0,4.5,6842.8233,0.1702,7667963.0,0.2608695652173913
744,2014,GERMANY,49.793,8.632,10.0,3.6,40751.4814,0.1835,2425717.0,0.17391304347826086
745,2014,ALBANIA,40.943,19.906,10.0,5.0,11277.8298,0.1819,3299200.0,0.08695652173913043
746,2014,ALGERIA,36.856,3.181,10.0,5.5,13267.8344,0.1902,16101707.0,0.17391304347826086
747,2014,ALGERIA,36.492,3.025,7.0,4.9,13267.8344,0.1902,9297731.0,0.13043478260869565
748,2014,SOUTH AFRICA,-26.99,26.705,5.0,5.4,15834.2,0.0582,18766443.0,0.3913043478260869
749,2014,SOUTH AFRICA,-26.99,26.705,5.0,5.4,15834.2,0.058,18766443.0,0.3913043478260869
750,2014,SOUTH AFRICA,-26.99,26.705,5.0,5.4,16353.7209,0.0582,18766443.0,0.3913043478260869
751,2014,SOUTH AFRICA,-26.99,26.705,5.0,5.4,16353.7209,0.058,18766443.0,0.3913043478260869
752,2014,ECUADOR,-0.018,-78.322,12.0,5.1,13818.6269,0.1342,7221049.0,0.21739130434782608
753,2014,PHILIPPINES,6.864,125.233,26.0,5.2,8722.6316,0.1303,14409730.0,0.21739130434782608
754,2014,PERU,-13.843,-71.695,10.0,4.9,13156.0138,0.0913,1292531.0,0.3913043478260869
755,2014,EL SALVADOR,12.526,-88.123,40.0,7.3,9944.0986,0.0847,160296435.0,0.17391304347826086
756,2015,CHINA,29.353,103.199,10.0,5.3,14093.7928,0.1436,38921561.0,0.30434782608695654
757,2015,CHINA,23.01,101.755,10.0,4.5,14093.7928,0.1436,1912841.0,0.17391304347826086
758,2015,CHINA,44.133,85.568,12.0,5.1,14093.7928,0.1436,1918181.0,0.30434782608695654
759,2015,CHINA,23.566,98.854,10.0,5.2,14093.7928,0.1436,8755582.0,0.4782608695652174
760,2015,CHINA,33.15,115.8,10.0,4.6,14093.7928,0.1436,19680178.0,0.4782608695652174
761,2015,CHINA,37.459,78.154,20.0,6.4,14093.7928,0.1436,57890052.0,0.4782608695652174
762,2015,JAPAN,39.856,142.881,23.0,6.7,31482.485,0.1673,82754557.0,0.0
763,2015,JAPAN,31.529,140.213,10.0,5.7,31482.485,0.1673,10954.0,0.0
764,2015,JAPAN,27.839,140.493,664.0,7.8,31482.485,0.1673,503982462.0,0.043478260869565216
765,2015,JAPAN,31.001,128.873,12.0,6.7,31482.485,0.1673,96774134.0,0.0
766,2015,PAKISTAN,34.671,73.278,30.0,5.4,7075.943,0.1682,52765797.0,0.13043478260869565
767,2015,PAKISTAN,33.856,73.193,17.0,5.1,7075.943,0.1682,39307810.0,0.17391304347826086
768,2015,PERU,-15.7,-71.99,12.0,4.8,13448.9222,0.0894,1339621.0,0.30434782608695654
769,2015,COLOMBIA,6.776,-72.988,155.0,6.2,15153.1348,0.0932,59153733.0,0.43478260869565216
770,2015,PAPUA NEW GUINEA,-4.729,152.562,41.0,7.5,5248.47,0.1297,12579942.0,0.0
771,2015,PAPUA NEW GUINEA,-5.462,151.875,55.0,7.5,5248.47,0.1297,13257038.0,0.08695652173913043
772,2015,TAIWAN,24.203,122.316,29.0,6.4,42561.3261,0.1129,95055328.0,0.17391304347826086
773,2015,NEPAL,28.231,84.731,8.0,7.8,4754.3523,0.1667,2022965300.0,0.9130434782608695
774,2015,NEPAL,27.809,86.066,15.0,7.3,4754.3523,0.1667,1337576075.0,0.4782608695652174
775,2015,MALAYSIA,5.987,116.541,10.0,6.0,24290.9511,0.173,5659583.0,0.21739130434782608
776,2015,INDIA,26.638,90.41,26.0,5.1,6487.9046,0.1313,26047383.0,0.21739130434782608
777,2015,PHILIPPINES,10.169,125.891,32.0,6.1,9159.5962,0.1323,43741908.0,0.043478260869565216
778,2015,SOLOMON ISLANDS,-9.307,158.403,12.0,6.7,3632.9711,0.0,1255298.0,0.0
779,2015,SOLOMON ISLANDS,-10.401,165.141,11.0,7.0,3632.9711,0.0,805481.0,0.0
780,2015,SOLOMON ISLANDS,-8.899,158.422,13.0,6.8,3632.9711,0.0,1390310.0,0.0
781,2015,INDONESIA,-2.629,138.528,48.0,7.0,10907.9903,0.1475,11566312.0,0.17391304347826086
782,2015,INDONESIA,-0.621,131.262,18.0,6.6,10907.9903,0.1475,6521088.0,0.30434782608695654
783,2015,INDONESIA,-8.338,124.875,20.0,6.5,10907.9903,0.1475,19613731.0,0.34782608695652173
784,2015,RWANDA,-2.141,28.897,11.0,5.8,2858.7527,0.1167,47740304.0,0.08695652173913043
785,2015,EL SALVADOR,13.668,-88.478,10.0,4.5,10005.3678,0.0891,4852713.0,0.21739130434782608
786,2015,CHILE,-31.573,-71.674,22.0,8.3,24368.4641,0.0761,322339499.0,0.6521739130434783
787,2015,CHILE,-29.507,-72.007,12.0,6.9,24368.4641,0.0761,25934212.0,0.0
788,2015,ARGENTINA,-25.467,-64.484,17.0,5.8,21903.7499,0.1412,4227256.0,0.17391304347826086
789,2015,AFGHANISTAN,36.524,70.368,231.0,7.5,3690.4339,0.1848,1051630180.0,0.8260869565217391
790,2015,VENEZUELA,8.467,-71.396,15.0,5.3,37665.0114,0.1032,8008772.0,0.21739130434782608
791,2015,VENEZUELA,8.522,-71.387,10.0,5.1,37665.0114,0.1032,5150951.0,0.17391304347826086
792,2015,GREECE,38.67,20.6,11.0,6.5,24052.0718,0.1857,43311817.0,0.30434782608695654
793,2015,KYRGYZSTAN,40.376,73.204,18.0,5.6,5269.5149,0.1909,11806291.0,0.43478260869565216
794,2015,TAJIKISTAN,38.211,72.78,22.0,7.2,4829.5802,0.167,538535197.0,0.5217391304347826
795,2015,MEXICO,15.802,-93.633,85.0,6.6,20081.1882,0.0588,93652203.0,0.043478260869565216
796,2016,INDIA,24.804,93.651,55.0,6.7,6970.5661,0.1313,387856238.0,0.3913043478260869
797,2016,INDIA,23.094,94.865,136.0,6.9,6970.5661,0.1313,434507452.0,0.30434782608695654
798,2016,INDONESIA,-3.873,127.229,4.0,5.6,11588.9065,0.1514,1382366.0,0.2608695652173913
799,2016,INDONESIA,-4.952,94.33,24.0,7.8,11588.9065,0.1514,545135701.0,0.0
800,2016,INDONESIA,-2.097,100.665,50.0,6.6,11588.9065,0.1514,110932132.0,0.34782608695652173
801,2016,INDONESIA,1.279,126.371,31.0,6.3,11588.9065,0.1514,7154180.0,0.08695652173913043
802,2016,INDONESIA,-8.194,117.814,21.0,5.6,11588.9065,0.1514,6311154.0,0.2608695652173913
803,2016,INDONESIA,5.283,96.168,13.0,6.5,11588.9065,0.1514,51913800.0,0.7391304347826086
804,2016,MOROCCO,35.649,-3.682,12.0,6.3,9202.8705,0.1356,60031916.0,0.21739130434782608
805,2016,TAIWAN,22.938,120.601,23.0,6.4,43001.1304,0.1092,110669470.0,0.5217391304347826
806,2016,AFGHANISTAN,36.473,71.131,212.0,6.6,3645.9459,0.1816,256174713.0,0.17391304347826086
807,2016,JAPAN,32.791,130.754,10.0,7.0,31630.9919,0.1678,156671152.0,0.8260869565217391
808,2016,JAPAN,40.394,143.68,10.0,6.0,31630.9919,0.1678,9432137.0,0.0
809,2016,JAPAN,35.374,133.809,6.0,6.2,31630.9919,0.1678,61555385.0,0.3913043478260869
810,2016,JAPAN,37.393,141.387,9.0,6.9,31630.9919,0.1678,107642329.0,0.08695652173913043
811,2016,ECUADOR,0.382,-79.922,21.0,7.8,12874.4125,0.1358,295313881.0,0.8695652173913043
812,2016,ECUADOR,0.495,-79.616,30.0,6.9,12874.4125,0.1358,70055925.0,0.30434782608695654
813,2016,ECUADOR,0.875,-79.708,10.0,5.4,12874.4125,0.1358,7260229.0,0.30434782608695654
814,2016,CHINA,32.022,95.027,8.0,5.2,14918.3248,0.1411,535224.0,0.17391304347826086
815,2016,CHINA,26.085,99.575,51.0,4.8,14918.3248,0.1411,4644086.0,0.21739130434782608
816,2016,CHINA,24.134,111.478,25.0,4.9,14918.3248,0.1411,10618695.0,0.21739130434782608
817,2016,CHINA,39.273,73.978,17.0,6.6,14918.3248,0.1411,119031432.0,0.2608695652173913
818,2016,CHINA,43.823,86.345,18.0,6.0,14918.3248,0.1411,9502449.0,0.21739130434782608
819,2016,ALGERIA,36.431,3.517,11.0,5.4,13720.9903,0.1902,16337313.0,0.30434782608695654
820,2016,TAJIKISTAN,38.881,70.559,10.0,5.0,5070.5409,0.1578,1663562.0,0.08695652173913043
821,2016,PERU,-15.654,-72.009,20.0,5.5,13614.5383,0.0879,3994839.0,0.4782608695652174
822,2016,PERU,-15.312,-70.827,12.0,6.2,13614.5383,0.0879,10750838.0,0.21739130434782608
823,2016,ITALY,42.723,13.188,4.0,6.2,31910.9363,0.1666,54561342.0,0.6956521739130435
824,2016,ITALY,42.956,13.067,10.0,6.1,31910.9363,0.1666,44507038.0,0.43478260869565216
825,2016,ITALY,42.862,13.096,8.0,6.6,31910.9363,0.1666,126821287.0,0.4782608695652174
826,2016,NEW ZEALAND,-37.359,179.146,19.0,7.0,42444.8638,0.198,4056522.0,0.0
827,2016,NEW ZEALAND,-42.737,173.054,15.0,7.8,42444.8638,0.198,6688965.0,0.3913043478260869
828,2016,TANZANIA,-1.036,31.618,40.0,5.9,3658.4098,0.1314,81324528.0,0.6956521739130435
829,2016,RWANDA,-2.65,29.06,10.0,4.8,2870.0583,0.1184,17282817.0,0.17391304347826086
830,2016,NICARAGUA,12.442,-86.515,8.0,5.5,7310.7566,0.1034,11349533.0,0.34782608695652173
831,2016,NICARAGUA,11.91,-88.897,10.0,6.9,7310.7566,0.1034,60320812.0,0.0
832,2016,PAKISTAN,34.905,73.682,10.0,5.4,7303.4924,0.1701,43827384.0,0.2608695652173913
833,2016,NEPAL,27.802,86.532,10.0,5.4,4850.2021,0.1671,68720313.0,0.17391304347826086
834,2016,POLAND,51.613,16.157,5.0,4.2,23630.6722,0.1996,1152236.0,0.13043478260869565
835,2016,COSTA RICA,9.949,-83.807,1.0,5.3,19809.752,0.0798,5288710.0,0.17391304347826086
836,2016,SOLOMON ISLANDS,-10.681,161.327,40.0,7.8,3676.4896,0.0,15192791.0,0.34782608695652173
837,2016,SOLOMON ISLANDS,-10.749,161.132,20.0,6.9,3676.4896,0.0,1144333.0,0.0
838,2016,PAPUA NEW GUINEA,-4.505,153.522,95.0,7.9,5402.146,0.1292,16657059.0,0.0
839,2016,CHILE,-43.406,-73.941,38.0,7.6,24270.6746,0.0776,57765710.0,0.043478260869565216
840,2017,INDIA,24.015,92.018,32.0,5.7,7336.0532,0.1313,155782546.0,0.6521739130434783
841,2017,IRAN,28.2,53.107,10.0,5.0,14189.6688,0.1384,1816221.0,0.13043478260869565
842,2017,IRAN,35.776,60.436,13.0,6.1,14189.6688,0.1384,16603221.0,0.17391304347826086
843,2017,IRAN,39.816,48.57,63.0,5.1,14189.6688,0.1384,5957719.0,0.21739130434782608
844,2017,IRAN,37.769,57.206,8.0,5.6,14189.6688,0.1384,7402194.0,0.4782608695652174
845,2017,IRAN,34.911,45.959,19.0,7.3,14189.6688,0.1384,283053978.0,0.8260869565217391
846,2017,IRAN,30.746,57.307,9.0,6.1,14189.6688,0.1384,8073793.0,0.2608695652173913
847,2017,IRAN,35.649,50.962,10.0,4.9,14189.6688,0.1384,17735316.0,0.17391304347826086
848,2017,IRAN,35.716,51.256,10.0,4.0,14189.6688,0.1384,13032960.0,0.13043478260869565
849,2017,MADAGASCAR,-20.16,46.647,7.0,5.5,2314.5372,0.1248,12393174.0,0.17391304347826086
850,2017,ITALY,42.601,13.227,7.0,5.7,32562.0566,0.1653,23334670.0,0.2608695652173913
851,2017,ITALY,40.783,13.939,3.0,4.2,32562.0566,0.1653,3973011.0,0.34782608695652173
852,2017,PAPUA NEW GUINEA,-6.246,155.172,135.0,7.9,5363.7568,0.1288,19499963.0,0.21739130434782608
853,2017,TURKEY,39.599,26.065,10.0,5.3,29168.5351,0.1381,7229436.0,0.21739130434782608
854,2017,TURKEY,38.764,27.778,3.0,4.9,29168.5351,0.1381,7366809.0,0.13043478260869565
855,2017,TURKEY,36.929,27.414,7.0,6.6,29168.5351,0.1381,103139848.0,0.34782608695652173
856,2017,COLOMBIA,3.449,-74.672,38.0,5.5,14907.3111,0.0841,27573524.0,0.21739130434782608
857,2017,PAKISTAN,25.191,63.264,29.0,6.3,7576.2946,0.1715,27055379.0,0.13043478260869565
858,2017,PHILIPPINES,9.907,125.452,15.0,6.5,10039.0228,0.1395,91493663.0,0.6521739130434783
859,2017,PHILIPPINES,9.831,125.496,11.0,5.7,10039.0228,0.1395,28285661.0,0.17391304347826086
860,2017,PHILIPPINES,13.77,120.935,14.0,5.9,10039.0228,0.1395,56157505.0,0.43478260869565216
861,2017,PHILIPPINES,5.504,125.066,26.0,6.9,10039.0228,0.1395,65496734.0,0.17391304347826086
862,2017,PHILIPPINES,11.127,124.629,9.0,6.5,10039.0228,0.1395,98914508.0,0.6086956521739131
863,2017,PHILIPPINES,10.954,124.707,17.0,5.0,10039.0228,0.1395,9630788.0,0.2608695652173913
864,2017,PHILIPPINES,7.562,124.743,8.0,5.7,10039.0228,0.1395,26450807.0,0.3913043478260869
865,2017,ZAMBIA,-8.44,30.031,30.0,5.9,5542.0434,0.0695,11474777.0,0.13043478260869565
866,2017,INDONESIA,-8.492,115.323,112.0,5.6,11863.6838,0.1535,19931145.0,0.17391304347826086
867,2017,INDONESIA,-1.292,120.431,12.0,6.6,11863.6838,0.1535,32196672.0,0.30434782608695654
868,2017,INDONESIA,-3.745,127.752,6.0,6.1,11863.6838,0.1535,2379907.0,0.13043478260869565
869,2017,INDONESIA,2.465,128.148,8.0,5.8,11863.6838,0.1535,1267577.0,0.2608695652173913
870,2017,INDONESIA,-7.492,108.174,90.0,6.5,11863.6838,0.1535,168661944.0,0.34782608695652173
871,2017,CHINA,25.938,99.841,28.0,5.0,15777.041,0.1386,6607660.0,0.30434782608695654
872,2017,CHINA,37.643,75.31,8.0,5.4,15777.041,0.1386,3371825.0,0.43478260869565216
873,2017,CHINA,33.193,103.855,9.0,6.5,15777.041,0.1386,190777706.0,0.6086956521739131
874,2017,CHINA,44.302,82.832,20.0,6.3,15777.041,0.1386,13935533.0,0.43478260869565216
875,2017,CHINA,29.833,94.984,8.0,6.4,15777.041,0.1386,76553675.0,0.34782608695652173
876,2017,CHINA,29.349,108.058,10.0,5.1,15777.041,0.1386,15380888.0,0.21739130434782608
877,2017,EL SALVADOR,13.766,-89.155,10.0,4.8,10043.26,0.0946,7955697.0,0.21739130434782608
878,2017,CHILE,-33.038,-72.062,28.0,6.9,23711.4954,0.0791,27105766.0,0.0
879,2017,CHILE,-33.212,-70.626,92.0,5.4,23711.4954,0.0791,12710099.0,0.043478260869565216
880,2017,KYRGYZSTAN,39.494,71.444,11.0,6.0,5887.0179,0.1832,32166990.0,0.2608695652173913
881,2017,TANZANIA,-3.043,32.888,10.0,4.4,3696.1321,0.1295,4332549.0,0.08695652173913043
882,2017,GREECE,38.93,26.365,12.0,6.3,24498.6623,0.1991,55552624.0,0.34782608695652173
883,2017,GUATEMALA,14.909,-92.009,93.0,6.9,10616.3231,0.1028,112142987.0,0.3913043478260869
884,2017,GUATEMALA,13.717,-90.972,38.0,6.8,10616.3231,0.1028,75684481.0,0.21739130434782608
885,2017,NEPAL,27.64,85.17,0.0,3.2,5113.632,0.167,5001388.0,0.08695652173913043
886,2017,MOZAMBIQUE,-19.45,34.488,27.0,5.6,2029.9355,0.083,6983627.0,0.17391304347826086
887,2017,PERU,-16.416,-73.636,44.0,6.4,13534.8381,0.0769,21572015.0,0.08695652173913043
888,2017,PERU,-16.299,-73.474,41.0,5.6,13534.8381,0.0769,2545508.0,0.08695652173913043
889,2017,PERU,-10.721,-74.566,32.0,5.8,13534.8381,0.0769,16837906.0,0.13043478260869565
890,2017,MEXICO,15.022,-93.899,47.0,8.2,19960.7428,0.0609,695471430.0,0.7391304347826086
891,2017,MEXICO,18.55,-98.489,48.0,7.1,19960.7428,0.0609,141690700.0,0.7826086956521738
892,2017,MEXICO,16.626,-95.078,10.0,6.1,19960.7428,0.0609,33386609.0,0.17391304347826086
893,2017,COSTA RICA,9.515,-84.487,19.0,6.5,20074.2201,0.0812,30131915.0,0.043478260869565216
894,2018,IRAN,34.585,45.77,10.0,5.0,13222.8905,0.133,4366427.0,0.21739130434782608
895,2018,IRAN,33.713,45.724,10.0,5.5,13222.8905,0.133,28325966.0,0.17391304347826086
896,2018,IRAN,34.403,45.748,10.0,5.0,13222.8905,0.133,3786673.0,0.08695652173913043
897,2018,IRAN,30.705,51.49,8.0,5.3,13222.8905,0.133,6527070.0,0.2608695652173913
898,2018,IRAN,34.591,46.166,12.0,5.8,13222.8905,0.133,37313467.0,0.34782608695652173
899,2018,IRAN,34.611,46.242,10.0,6.0,13222.8905,0.133,45668700.0,0.4782608695652174
900,2018,IRAN,28.326,59.32,10.0,5.6,13222.8905,0.133,3776663.0,0.17391304347826086
901,2018,IRAN,34.361,45.744,18.0,6.3,13222.8905,0.133,75301254.0,0.2608695652173913
902,2018,HONDURAS,17.483,-83.52,19.0,7.5,6849.9947,0.1025,285856045.0,0.08695652173913043
903,2018,PERU,-15.768,-74.709,38.0,7.1,13781.0738,0.0833,42063357.0,0.6086956521739131
904,2018,INDONESIA,-7.092,105.963,48.0,5.9,12247.8081,0.1245,85538866.0,0.34782608695652173
905,2018,INDONESIA,-7.248,109.654,10.0,4.5,12247.8081,0.1245,21172698.0,0.30434782608695654
906,2018,INDONESIA,-7.001,113.888,10.0,4.6,12247.8081,0.1245,5107473.0,0.21739130434782608
907,2018,INDONESIA,-0.969,100.769,10.0,5.2,12247.8081,0.1245,9700112.0,0.34782608695652173
908,2018,INDONESIA,-8.24,116.508,14.0,6.4,12247.8081,0.1245,65744368.0,0.6086956521739131
909,2018,INDONESIA,-8.258,116.438,34.0,6.9,12247.8081,0.1245,122137191.0,0.7826086956521738
910,2018,INDONESIA,-8.307,116.23,15.0,5.9,12247.8081,0.1245,18886946.0,0.30434782608695654
911,2018,INDONESIA,-8.337,116.599,16.0,6.3,12247.8081,0.1245,53932090.0,0.34782608695652173
912,2018,INDONESIA,-8.319,116.627,21.0,6.9,12247.8081,0.1245,119210751.0,0.34782608695652173
913,2018,INDONESIA,-0.401,119.771,5.0,6.1,12247.8081,0.1245,14279282.0,0.21739130434782608
914,2018,INDONESIA,-0.256,119.846,20.0,7.5,12247.8081,0.1245,393722471.0,1.0
915,2018,INDONESIA,-7.453,114.455,9.0,6.0,12247.8081,0.1245,49069288.0,0.2608695652173913
916,2018,INDONESIA,-2.907,119.392,14.0,5.5,12247.8081,0.1245,8159894.0,0.30434782608695654
917,2018,ECUADOR,-1.744,-77.672,21.0,5.2,12579.8481,0.1298,5388591.0,0.08695652173913043
918,2018,TAIWAN,24.134,121.659,17.0,6.4,44828.9247,0.1179,114863756.0,0.34782608695652173
919,2018,MEXICO,16.386,-97.979,22.0,7.2,19837.5606,0.0606,156139553.0,0.30434782608695654
920,2018,PAPUA NEW GUINEA,-6.07,142.754,25.0,7.5,5140.1874,0.1289,19843083.0,0.7826086956521738
921,2018,PAPUA NEW GUINEA,-6.17,142.468,16.0,6.1,5140.1874,0.1289,7984202.0,0.043478260869565216
922,2018,PAPUA NEW GUINEA,-6.331,142.599,10.0,6.0,5140.1874,0.1289,6079159.0,0.043478260869565216
923,2018,PAPUA NEW GUINEA,-6.304,142.612,20.0,6.7,5140.1874,0.1289,12794146.0,0.08695652173913043
924,2018,PAPUA NEW GUINEA,-5.838,142.531,18.0,6.3,5140.1874,0.1289,10223589.0,0.17391304347826086
925,2018,VENEZUELA,8.346,-71.719,10.0,4.9,18778.1162,0.1025,4113563.0,0.13043478260869565
926,2018,VENEZUELA,10.773,-62.902,147.0,7.3,18778.1162,0.1025,113931923.0,0.2608695652173913
927,2018,JAPAN,35.259,132.553,10.0,5.7,32550.3797,0.1682,22523333.0,0.30434782608695654
928,2018,JAPAN,31.444,140.193,10.0,5.4,32550.3797,0.1682,9065.0,0.0
929,2018,JAPAN,34.825,135.639,10.0,5.5,32550.3797,0.1682,40626135.0,0.5217391304347826
930,2018,JAPAN,42.686,141.929,35.0,6.6,32550.3797,0.1682,24116995.0,0.6521739130434783
931,2018,ITALY,43.066,13.052,10.0,4.7,33073.0708,0.1636,3617222.0,0.08695652173913043
932,2018,ITALY,37.63,15.1,1.0,5.0,33073.0708,0.1636,3590944.0,0.30434782608695654
933,2018,TURKEY,37.596,38.514,10.0,5.2,27972.9687,0.1368,12400648.0,0.13043478260869565
934,2018,SOUTH AFRICA,-26.4,27.5,0.0,2.1,15272.3,0.0583,146271.0,0.08695652173913043
935,2018,SOUTH AFRICA,-26.4,27.5,0.0,2.1,15272.3,0.058,146271.0,0.08695652173913043
936,2018,SOUTH AFRICA,-26.4,27.5,0.0,2.1,15801.9937,0.0583,146271.0,0.08695652173913043
937,2018,SOUTH AFRICA,-26.4,27.5,0.0,2.1,15801.9937,0.058,146271.0,0.08695652173913043
938,2018,POLAND,50.124,18.683,1.0,4.1,26378.4432,0.1982,4272238.0,0.13043478260869565
939,2018,EL SALVADOR,13.104,-88.062,10.0,5.4,10123.0169,0.0958,16464100.0,0.30434782608695654
940,2018,AFGHANISTAN,36.994,71.382,116.0,6.2,3528.0843,0.1779,108833464.0,0.17391304347826086
941,2018,AFGHANISTAN,35.808,68.687,22.0,4.9,3528.0843,0.1779,3912641.0,0.17391304347826086
942,2018,COMOROS,-12.776,45.581,17.0,5.9,4794.6165,0.1139,2253773.0,0.13043478260869565
943,2018,CHINA,45.236,124.642,10.0,5.3,16598.3168,0.1393,20223691.0,0.30434782608695654
944,2018,CHINA,24.298,102.91,10.0,5.0,16598.3168,0.1393,14404761.0,0.3913043478260869
945,2018,CHINA,23.332,101.578,8.0,5.7,16598.3168,0.1393,33403274.0,0.34782608695652173
946,2018,CHINA,28.295,105.013,18.0,5.3,16598.3168,0.1393,50816530.0,0.3913043478260869
947,2018,AZERBAIJAN,41.526,46.786,22.0,5.3,14379.4942,0.2033,8525583.0,0.21739130434782608
948,2018,COLOMBIA,1.067,-77.272,12.0,4.9,14751.823,0.082,3443128.0,0.34782608695652173
949,2018,INDIA,26.371,90.161,10.0,5.3,7638.4038,0.1313,65898047.0,0.043478260869565216
950,2018,HAITI,20.034,-73.013,24.0,5.9,4532.2911,0.1025,20677039.0,0.6521739130434783
951,2018,GREECE,37.52,20.557,14.0,6.8,24924.288,0.208,81473222.0,0.2608695652173913
952,2019,CHINA,28.19,104.918,10.0,4.8,17410.1221,0.1398,14126182.0,0.34782608695652173
953,2019,CHINA,29.47,104.609,10.0,4.9,17410.1221,0.1398,24544640.0,0.3913043478260869
954,2019,CHINA,45.205,124.611,17.0,4.8,17410.1221,0.1398,5036044.0,0.17391304347826086
955,2019,CHINA,28.405,104.957,10.0,5.8,17410.1221,0.1398,112259543.0,0.5217391304347826
956,2019,CHINA,29.573,105.064,10.0,5.1,17410.1221,0.1398,46842908.0,0.5217391304347826
957,2019,CHINA,22.96,106.711,10.0,5.0,17410.1221,0.1398,6717873.0,0.17391304347826086
958,2019,CHINA,29.639,104.946,10.0,5.2,17410.1221,0.1398,59791167.0,0.2608695652173913
959,2019,IRAN,34.125,45.679,14.0,5.6,12686.139,0.133,31969891.0,0.17391304347826086
960,2019,IRAN,31.775,49.542,10.0,5.7,12686.139,0.133,22606596.0,0.2608695652173913
961,2019,IRAN,37.808,47.558,10.0,0.0,12686.139,0.133,89035680.0,0.34782608695652173
962,2019,POLAND,51.547,16.111,1.0,3.7,27640.6217,0.2031,433076.0,0.17391304347826086
963,2019,POLAND,50.11,18.456,5.0,3.9,27640.6217,0.2031,2245679.0,0.08695652173913043
964,2019,POLAND,50.287,18.997,0.0,3.1,27640.6217,0.2031,1457928.0,0.08695652173913043
965,2019,CHILE,-30.04,-71.382,63.0,6.7,23697.6077,0.0716,23506938.0,0.30434782608695654
966,2019,CHILE,-30.056,-72.082,11.0,6.4,23697.6077,0.0716,16175918.0,0.0
967,2019,CHILE,-40.815,-72.002,129.0,6.1,23697.6077,0.0716,3781940.0,0.043478260869565216
968,2019,CHILE,-35.473,-73.162,11.0,6.8,23697.6077,0.0716,23319437.0,0.043478260869565216
969,2019,COLOMBIA,3.035,-75.738,10.0,5.6,14633.2007,0.0775,30526951.0,0.17391304347826086
970,2019,INDIA,19.9,72.8,5.0,3.6,7823.4263,0.1313,1772787.0,0.08695652173913043
971,2019,INDIA,20.0,72.9,10.0,3.8,7823.4263,0.1313,2773088.0,0.17391304347826086
972,2019,MEXICO,14.68,-92.453,66.0,6.7,19362.0884,0.0604,103124786.0,0.2608695652173913
973,2019,AZERBAIJAN,40.896,48.607,10.0,5.0,14640.6179,0.2033,3544968.0,0.30434782608695654
974,2019,ECUADOR,-2.186,-77.051,145.0,7.5,11961.9581,0.1268,174504089.0,0.2608695652173913
975,2019,INDONESIA,-1.323,101.578,10.0,5.4,12577.1142,0.1245,13529464.0,0.2608695652173913
976,2019,INDONESIA,-8.418,116.521,10.0,5.6,12577.1142,0.1245,11500093.0,0.5652173913043478
977,2019,INDONESIA,-1.852,122.553,18.0,6.8,12577.1142,0.1245,47189904.0,0.043478260869565216
978,2019,INDONESIA,-0.529,128.093,10.0,7.3,12577.1142,0.1245,105038660.0,0.6086956521739131
979,2019,INDONESIA,-7.282,104.791,49.0,6.9,12577.1142,0.1245,179049674.0,0.34782608695652173
980,2019,INDONESIA,-3.45,128.347,18.0,6.5,12577.1142,0.1245,12246388.0,0.5217391304347826
981,2019,INDONESIA,-3.65,128.216,54.0,5.0,12577.1142,0.1245,1148112.0,0.21739130434782608
982,2019,INDONESIA,-3.61,128.299,50.0,5.0,12577.1142,0.1245,1140586.0,0.17391304347826086
983,2019,INDONESIA,1.6,126.416,33.0,7.1,12577.1142,0.1245,79545924.0,0.17391304347826086
984,2019,PERU,-14.713,-70.155,267.0,7.0,13666.9117,0.0954,42752161.0,0.21739130434782608
985,2019,PERU,-5.796,-75.298,110.0,8.0,13666.9117,0.0954,257434811.0,0.43478260869565216
986,2019,TANZANIA,-7.914,32.109,22.0,5.5,3793.9194,0.1295,6917351.0,0.17391304347826086
987,2019,TAIWAN,23.989,121.693,20.0,6.1,45803.5011,0.1179,55633474.0,0.13043478260869565
988,2019,TAIWAN,24.475,121.947,10.0,5.9,45803.5011,0.1179,35828877.0,0.043478260869565216
989,2019,PHILIPPINES,14.924,120.497,20.0,6.1,11134.9658,0.1435,62325906.0,0.7391304347826086
990,2019,PHILIPPINES,6.802,125.169,24.0,5.6,11134.9658,0.1435,22090727.0,0.2608695652173913
991,2019,PHILIPPINES,9.334,126.04,14.0,5.8,11134.9658,0.1435,30782865.0,0.3913043478260869
992,2019,PHILIPPINES,20.807,121.986,10.0,6.0,11134.9658,0.1435,10020223.0,0.30434782608695654
993,2019,PHILIPPINES,6.712,125.005,14.0,6.4,11134.9658,0.1435,47075039.0,0.6086956521739131
994,2019,PHILIPPINES,6.802,125.04,15.0,6.6,11134.9658,0.1435,56630391.0,0.6956521739130435
995,2019,PHILIPPINES,6.91,125.156,10.0,6.5,11134.9658,0.1435,51541168.0,0.4782608695652174
996,2019,PHILIPPINES,7.625,124.912,0.0,5.9,11134.9658,0.1435,34397747.0,0.34782608695652173
997,2019,PHILIPPINES,6.708,125.188,22.0,6.8,11134.9658,0.1435,69526524.0,0.7391304347826086
998,2019,PAPUA NEW GUINEA,-6.977,146.44,127.0,7.2,5213.8661,0.1291,15531268.0,0.21739130434782608
999,2019,PAPUA NEW GUINEA,-4.051,152.597,10.0,7.6,5213.8661,0.1291,16827080.0,0.17391304347826086
1000,2019,EL SALVADOR,13.199,-89.306,58.0,6.6,10219.5808,0.0975,57879361.0,0.17391304347826086
1001,2019,ALBANIA,40.501,20.722,10.0,5.2,12460.1298,0.1843,5478691.0,0.21739130434782608
1002,2019,ALBANIA,41.381,19.454,10.0,5.6,12460.1298,0.1843,11326050.0,0.4782608695652174
1003,2019,ALBANIA,41.521,19.559,20.0,6.4,12460.1298,0.1843,58126786.0,0.7826086956521738
1004,2019,JAPAN,38.646,139.472,12.0,6.4,32296.2739,0.1682,103872818.0,0.2608695652173913
1005,2019,GREECE,38.115,23.505,10.0,5.3,25245.2214,0.2106,5801647.0,0.17391304347826086
1006,2019,TURKEY,37.948,29.697,10.0,5.8,27368.3575,0.1437,20178680.0,0.2608695652173913
1007,2019,TURKEY,40.89,28.173,10.0,5.7,27368.3575,0.1437,34430006.0,0.30434782608695654
1008,2019,PAKISTAN,33.106,73.766,10.0,5.6,7765.6662,0.173,141143516.0,0.6521739130434783
1009,2019,FRANCE,44.612,4.638,10.0,4.8,40346.7958,0.2054,4565081.0,0.34782608695652173
1010,2020,PUERTO RICO,17.916,-66.813,10.0,6.4,19619.3109,0.0,18213522.0,0.5652173913043478
1011,2020,CHINA,39.831,77.106,6.0,6.0,17637.7182,0.1377,10311545.0,0.3913043478260869
1012,2020,CHINA,33.124,98.916,10.0,5.3,17637.7182,0.1377,715053.0,0.2608695652173913
1013,2020,CHINA,27.296,103.281,10.0,5.2,17637.7182,0.1377,18606614.0,0.2608695652173913
1014,2020,TURKEY,38.39,39.081,12.0,6.7,27400.2831,0.1372,155565780.0,0.6521739130434783
1015,2020,TURKEY,38.482,44.367,10.0,6.0,27400.2831,0.1372,34259334.0,0.4782608695652174
1016,2020,TURKEY,39.421,40.697,10.0,5.9,27400.2831,0.1372,20405476.0,0.21739130434782608
1017,2020,TURKEY,38.558,44.023,10.0,5.4,27400.2831,0.1372,12973067.0,0.21739130434782608
1018,2020,CUBA,19.44,-78.755,10.0,7.7,18663.1642,0.1238,327431067.0,0.2608695652173913
1019,2020,INDONESIA,-6.808,106.676,23.0,5.0,12094.6698,0.1245,64223104.0,0.30434782608695654
1020,2020,INDONESIA,-8.058,114.242,0.0,0.0,12094.6698,0.1245,87791290.0,0.043478260869565216
1021,2020,INDONESIA,2.923,128.248,107.0,6.4,12094.6698,0.1245,23155137.0,0.2608695652173913
1022,2020,GREECE,34.205,25.712,17.0,6.6,22739.4621,0.2124,104817023.0,0.0
1023,2020,GREECE,37.918,26.79,21.0,7.0,22739.4621,0.2124,206244089.0,0.7391304347826086
1024,2020,IRAN,35.725,52.044,10.0,4.6,12935.6143,0.133,12733188.0,0.08695652173913043
1025,2020,PERU,-9.634,-78.591,57.0,4.5,11865.0324,0.0572,613960.0,0.043478260869565216
1026,2020,MEXICO,16.029,-95.901,26.0,7.4,17509.5857,0.0602,209132113.0,0.43478260869565216
1027,2020,PAPUA NEW GUINEA,-7.843,147.766,80.0,7.0,4920.7312,0.1291,11377058.0,0.17391304347826086
1028,2020,PHILIPPINES,12.021,124.123,10.0,6.6,9596.5646,0.1435,109825181.0,0.43478260869565216
1029,2020,CHILE,-39.343,-74.99,10.0,6.7,21437.3544,0.0678,20698548.0,0.0
